lane,dimension,group,cases,cells,completed_cells,failed_cells,completion_rate,tp,fp,tn,fn,precision,recall,f1,false_positives_per_kloc,kloc_denominator,localized_vulnerable_cells,vulnerable_cells,localization_rate,latency_call_count,latency_p50_ms,latency_p95_ms,tokens,cell_cost_usd,unsafe_patch_observations,regression_observations
deterministic_only,language,go,200,200,45,155,0.225,2,2,98,98,0.5,0.02,0.038461538461538464,0.013796814315574533,144.961,0,100,0.0,0,,,0,0.0,0,0
deterministic_only,language,js-ts,200,200,148,52,0.74,22,23,77,78,0.4888888888888889,0.22,0.30344827586206896,0.0996235960653011,230.869,0,100,0.0,0,,,0,0.0,0,0
deterministic_only,language,python,200,200,154,46,0.77,35,36,64,65,0.49295774647887325,0.35,0.4093567251461988,0.29950830719568705,120.197,0,100,0.0,0,,,0,0.0,0,0
deterministic_only,split,calibration,120,120,70,50,0.5833333333333334,10,11,49,50,0.47619047619047616,0.16666666666666666,0.2469135802469136,0.16872459544443594,65.195,0,60,0.0,0,,,0,0.0,0,0
deterministic_only,split,development,240,240,147,93,0.6125,26,28,92,94,0.48148148148148145,0.21666666666666667,0.29885057471264365,0.13718362027573908,204.106,0,120,0.0,0,,,0,0.0,0,0
deterministic_only,split,held-out,240,240,130,110,0.5416666666666666,23,22,98,97,0.5111111111111111,0.19166666666666668,0.2787878787878788,0.09703342360382135,226.726,0,120,0.0,0,,,0,0.0,0,0
deterministic_only,language_split,go:calibration,40,40,8,32,0.2,0,0,20,20,,0.0,,0.0,23.112000000000002,0,20,0.0,0,,,0,0.0,0,0
deterministic_only,language_split,go:development,80,80,22,58,0.275,1,1,39,39,0.5,0.025,0.047619047619047616,0.015901790541614984,62.886,0,40,0.0,0,,,0,0.0,0,0
deterministic_only,language_split,go:held-out,80,80,15,65,0.1875,1,1,39,39,0.5,0.025,0.047619047619047616,0.016959788341841493,58.963,0,40,0.0,0,,,0,0.0,0,0
deterministic_only,language_split,js-ts:calibration,40,40,30,10,0.75,4,4,16,16,0.5,0.2,0.28571428571428575,0.2908033442384587,13.755,0,20,0.0,0,,,0,0.0,0,0
deterministic_only,language_split,js-ts:development,80,80,62,18,0.775,9,10,30,31,0.47368421052631576,0.225,0.30508474576271183,0.10137772325909104,98.641,0,40,0.0,0,,,0,0.0,0,0
deterministic_only,language_split,js-ts:held-out,80,80,56,24,0.7,9,9,31,31,0.5,0.225,0.3103448275862069,0.07596667595148261,118.473,0,40,0.0,0,,,0,0.0,0,0
deterministic_only,language_split,python:calibration,40,40,32,8,0.8,6,7,13,14,0.46153846153846156,0.3,0.3636363636363637,0.24710533747528948,28.328,0,20,0.0,0,,,0,0.0,0,0
deterministic_only,language_split,python:development,80,80,63,17,0.7875,16,17,23,24,0.48484848484848486,0.4,0.4383561643835617,0.3992578501139059,42.579,0,40,0.0,0,,,0,0.0,0,0
deterministic_only,language_split,python:held-out,80,80,59,21,0.7375,13,12,28,27,0.52,0.325,0.4,0.24345709068776628,49.29,0,40,0.0,0,,,0,0.0,0,0
deterministic_only,cwe,CWE-1021,6,6,6,0,1.0,2,2,1,1,0.5,0.6666666666666666,0.5714285714285715,0.5129520389843549,3.899,0,3,0.0,0,,,0,0.0,0,0
deterministic_only,cwe,CWE-116,2,2,2,0,1.0,0,0,1,1,,0.0,,0.0,1.296,0,1,0.0,0,,,0,0.0,0,0
deterministic_only,cwe,CWE-1188,4,4,4,0,1.0,0,0,2,2,,0.0,,0.0,0.8680000000000001,0,2,0.0,0,,,0,0.0,0,0
deterministic_only,cwe,CWE-120,4,4,0,4,0.0,0,0,2,2,,0.0,,0.0,0.545,0,2,0.0,0,,,0,0.0,0,0
deterministic_only,cwe,CWE-125,4,4,4,0,1.0,1,1,1,1,0.5,0.5,0.5,0.8488964346349746,1.178,0,2,0.0,0,,,0,0.0,0,0
deterministic_only,cwe,CWE-1284,4,4,4,0,1.0,2,2,0,0,0.5,1.0,0.6666666666666666,1.4054813773717498,1.423,0,2,0.0,0,,,0,0.0,0,0
deterministic_only,cwe,CWE-129,14,14,0,14,0.0,0,0,7,7,,0.0,,0.0,25.946,0,7,0.0,0,,,0,0.0,0,0
deterministic_only,cwe,CWE-1321,6,6,6,0,1.0,0,0,3,3,,0.0,,0.0,2.341,0,3,0.0,0,,,0,0.0,0,0
deterministic_only,cwe,CWE-1333,8,8,6,2,0.75,0,0,4,4,,0.0,,0.0,0.939,0,4,0.0,0,,,0,0.0,0,0
deterministic_only,cwe,CWE-190,2,2,0,2,0.0,0,0,1,1,,0.0,,0.0,0.048,0,1,0.0,0,,,0,0.0,0,0
deterministic_only,cwe,CWE-20,16,16,10,6,0.625,2,2,6,6,0.5,0.25,0.3333333333333333,0.16285318785115221,12.280999999999999,0,8,0.0,0,,,0,0.0,0,0
deterministic_only,cwe,CWE-200,8,8,4,4,0.5,1,1,3,3,0.5,0.25,0.3333333333333333,0.14158289678606825,7.063,0,4,0.0,0,,,0,0.0,0,0
deterministic_only,cwe,CWE-203,6,6,4,2,0.6666666666666666,1,1,2,2,0.5,0.3333333333333333,0.4,0.27107617240444565,3.689,0,3,0.0,0,,,0,0.0,0,0
deterministic_only,cwe,CWE-209,2,2,0,2,0.0,0,0,1,1,,0.0,,0.0,0.382,0,1,0.0,0,,,0,0.0,0,0
deterministic_only,cwe,CWE-22,26,26,18,8,0.6923076923076923,4,4,9,9,0.5,0.3076923076923077,0.380952380952381,0.26634705020641897,15.018,0,13,0.0,0,,,0,0.0,0,0
deterministic_only,cwe,CWE-23,2,2,2,0,1.0,1,1,0,0,0.5,1.0,0.6666666666666666,0.5399568034557235,1.852,0,1,0.0,0,,,0,0.0,0,0
deterministic_only,cwe,CWE-252,2,2,2,0,1.0,1,1,0,0,0.5,1.0,0.6666666666666666,0.5115089514066496,1.955,0,1,0.0,0,,,0,0.0,0,0
deterministic_only,cwe,CWE-255,2,2,0,2,0.0,0,0,1,1,,0.0,,0.0,2.4939999999999998,0,1,0.0,0,,,0,0.0,0,0
deterministic_only,cwe,CWE-264,10,10,8,2,0.8,3,3,2,2,0.5,0.6,0.5454545454545454,0.25614754098360654,11.712,0,5,0.0,0,,,0,0.0,0,0
deterministic_only,cwe,CWE-269,2,2,2,0,1.0,1,1,0,0,0.5,1.0,0.6666666666666666,1.5337423312883436,0.652,0,1,0.0,0,,,0,0.0,0,0
deterministic_only,cwe,CWE-276,2,2,0,2,0.0,0,0,1,1,,0.0,,0.0,12.461,0,1,0.0,0,,,0,0.0,0,0
deterministic_only,cwe,CWE-284,4,4,2,2,0.5,0,1,1,2,0.0,0.0,,0.5611672278338945,1.782,0,2,0.0,0,,,0,0.0,0,0
deterministic_only,cwe,CWE-285,8,8,8,0,1.0,0,0,4,4,,0.0,,0.0,7.461,0,4,0.0,0,,,0,0.0,0,0
deterministic_only,cwe,CWE-287,20,20,14,6,0.7,2,2,8,8,0.5,0.2,0.28571428571428575,0.5202913631633715,3.844,0,10,0.0,0,,,0,0.0,0,0
deterministic_only,cwe,CWE-29,4,4,4,0,1.0,0,0,2,2,,0.0,,0.0,1.492,0,2,0.0,0,,,0,0.0,0,0
deterministic_only,cwe,CWE-290,2,2,2,0,1.0,0,0,1,1,,0.0,,0.0,0.5,0,1,0.0,0,,,0,0.0,0,0
deterministic_only,cwe,CWE-295,8,8,0,8,0.0,0,0,4,4,,0.0,,0.0,4.27,0,4,0.0,0,,,0,0.0,0,0
deterministic_only,cwe,CWE-307,2,2,0,2,0.0,0,0,1,1,,0.0,,0.0,0.501,0,1,0.0,0,,,0,0.0,0,0
deterministic_only,cwe,CWE-311,2,2,0,2,0.0,0,0,1,1,,0.0,,0.0,0.374,0,1,0.0,0,,,0,0.0,0,0
deterministic_only,cwe,CWE-312,6,6,2,4,0.3333333333333333,0,0,3,3,,0.0,,0.0,0.193,0,3,0.0,0,,,0,0.0,0,0
deterministic_only,cwe,CWE-326,4,4,2,2,0.5,0,0,2,2,,0.0,,0.0,1.07,0,2,0.0,0,,,0,0.0,0,0
deterministic_only,cwe,CWE-327,2,2,2,0,1.0,0,0,1,1,,0.0,,0.0,0.247,0,1,0.0,0,,,0,0.0,0,0
deterministic_only,cwe,CWE-330,6,6,4,2,0.6666666666666666,0,0,3,3,,0.0,,0.0,3.148,0,3,0.0,0,,,0,0.0,0,0
deterministic_only,cwe,CWE-345,10,10,0,10,0.0,0,0,5,5,,0.0,,0.0,10.244,0,5,0.0,0,,,0,0.0,0,0
deterministic_only,cwe,CWE-347,6,6,1,5,0.16666666666666666,0,0,3,3,,0.0,,0.0,2.028,0,3,0.0,0,,,0,0.0,0,0
deterministic_only,cwe,CWE-352,10,10,10,0,1.0,4,5,0,1,0.4444444444444444,0.8,0.5714285714285714,0.4805843906189927,10.404,0,5,0.0,0,,,0,0.0,0,0
deterministic_only,cwe,CWE-362,2,2,0,2,0.0,0,0,1,1,,0.0,,0.0,1.1789999999999998,0,1,0.0,0,,,0,0.0,0,0
deterministic_only,cwe,CWE-366,2,2,0,2,0.0,0,0,1,1,,0.0,,0.0,0.46499999999999997,0,1,0.0,0,,,0,0.0,0,0
deterministic_only,cwe,CWE-367,2,2,0,2,0.0,0,0,1,1,,0.0,,0.0,1.8650000000000002,0,1,0.0,0,,,0,0.0,0,0
deterministic_only,cwe,CWE-377,2,2,0,2,0.0,0,0,1,1,,0.0,,0.0,2.276,0,1,0.0,0,,,0,0.0,0,0
deterministic_only,cwe,CWE-400,8,8,2,6,0.25,1,1,3,3,0.5,0.25,0.3333333333333333,0.12769761205465457,7.8309999999999995,0,4,0.0,0,,,0,0.0,0,0
deterministic_only,cwe,CWE-401,2,2,0,2,0.0,0,0,1,1,,0.0,,0.0,0.668,0,1,0.0,0,,,0,0.0,0,0
deterministic_only,cwe,CWE-416,2,2,0,2,0.0,0,0,1,1,,0.0,,0.0,47.301,0,1,0.0,0,,,0,0.0,0,0
deterministic_only,cwe,CWE-434,8,8,6,2,0.75,1,1,3,3,0.5,0.25,0.3333333333333333,0.07058159232072275,14.168,0,4,0.0,0,,,0,0.0,0,0
deterministic_only,cwe,CWE-436,4,4,4,0,1.0,1,1,1,1,0.5,0.5,0.5,0.45433893684688775,2.201,0,2,0.0,0,,,0,0.0,0,0
deterministic_only,cwe,CWE-444,2,2,2,0,1.0,1,1,0,0,0.5,1.0,0.6666666666666666,0.4357298474945534,2.295,0,1,0.0,0,,,0,0.0,0,0
deterministic_only,cwe,CWE-476,10,10,2,8,0.2,0,0,5,5,,0.0,,0.0,14.836,0,5,0.0,0,,,0,0.0,0,0
deterministic_only,cwe,CWE-502,2,2,2,0,1.0,0,0,1,1,,0.0,,0.0,0.22999999999999998,0,1,0.0,0,,,0,0.0,0,0
deterministic_only,cwe,CWE-532,2,2,0,2,0.0,0,0,1,1,,0.0,,0.0,0.546,0,1,0.0,0,,,0,0.0,0,0
deterministic_only,cwe,CWE-534,2,2,0,2,0.0,0,0,1,1,,0.0,,0.0,1.214,0,1,0.0,0,,,0,0.0,0,0
deterministic_only,cwe,CWE-601,14,14,12,2,0.8571428571428571,5,4,3,2,0.5555555555555556,0.7142857142857143,0.6250000000000001,0.7995202878273036,5.003,0,7,0.0,0,,,0,0.0,0,0
deterministic_only,cwe,CWE-610,6,6,2,4,0.3333333333333333,0,0,3,3,,0.0,,0.0,0.864,0,3,0.0,0,,,0,0.0,0,0
deterministic_only,cwe,CWE-613,12,12,10,2,0.8333333333333334,4,4,2,2,0.5,0.6666666666666666,0.5714285714285715,1.48975791433892,2.685,0,6,0.0,0,,,0,0.0,0,0
deterministic_only,cwe,CWE-617,6,6,4,2,0.6666666666666666,0,0,3,3,,0.0,,0.0,7.627,0,3,0.0,0,,,0,0.0,0,0
deterministic_only,cwe,CWE-639,2,2,2,0,1.0,0,0,1,1,,0.0,,0.0,0.22,0,1,0.0,0,,,0,0.0,0,0
deterministic_only,cwe,CWE-648,6,6,2,4,0.3333333333333333,0,0,3,3,,0.0,,0.0,1.617,0,3,0.0,0,,,0,0.0,0,0
deterministic_only,cwe,CWE-665,4,4,0,4,0.0,0,0,2,2,,0.0,,0.0,1.052,0,2,0.0,0,,,0,0.0,0,0
deterministic_only,cwe,CWE-668,2,2,2,0,1.0,0,0,1,1,,0.0,,0.0,0.152,0,1,0.0,0,,,0,0.0,0,0
deterministic_only,cwe,CWE-670,10,10,4,6,0.4,0,0,5,5,,0.0,,0.0,20.004,0,5,0.0,0,,,0,0.0,0,0
deterministic_only,cwe,CWE-674,8,8,4,4,0.5,0,0,4,4,,0.0,,0.0,13.226,0,4,0.0,0,,,0,0.0,0,0
deterministic_only,cwe,CWE-707,2,2,0,2,0.0,0,0,1,1,,0.0,,0.0,1.176,0,1,0.0,0,,,0,0.0,0,0
deterministic_only,cwe,CWE-74,12,12,6,6,0.5,0,0,6,6,,0.0,,0.0,4.045,0,6,0.0,0,,,0,0.0,0,0
deterministic_only,cwe,CWE-754,2,2,2,0,1.0,0,0,1,1,,0.0,,0.0,0.128,0,1,0.0,0,,,0,0.0,0,0
deterministic_only,cwe,CWE-755,4,4,2,2,0.5,1,1,1,1,0.5,0.5,0.5,0.3718854592785422,2.689,0,2,0.0,0,,,0,0.0,0,0
deterministic_only,cwe,CWE-77,4,4,2,2,0.5,0,0,2,2,,0.0,,0.0,0.766,0,2,0.0,0,,,0,0.0,0,0
deterministic_only,cwe,CWE-770,14,14,6,8,0.42857142857142855,0,0,7,7,,0.0,,0.0,13.083,0,7,0.0,0,,,0,0.0,0,0
deterministic_only,cwe,CWE-78,20,20,16,4,0.8,2,2,8,8,0.5,0.2,0.28571428571428575,0.13584188005161993,14.722999999999999,0,10,0.0,0,,,0,0.0,0,0
deterministic_only,cwe,CWE-787,2,2,0,2,0.0,0,0,1,1,,0.0,,0.0,2.481,0,1,0.0,0,,,0,0.0,0,0
deterministic_only,cwe,CWE-789,2,2,2,0,1.0,0,0,1,1,,0.0,,0.0,0.31,0,1,0.0,0,,,0,0.0,0,0
deterministic_only,cwe,CWE-79,82,82,55,27,0.6707317073170732,12,12,29,29,0.5,0.2926829268292683,0.3692307692307692,0.10896312506242678,110.129,0,41,0.0,0,,,0,0.0,0,0
deterministic_only,cwe,CWE-821,2,2,0,2,0.0,0,0,1,1,,0.0,,0.0,0.44,0,1,0.0,0,,,0,0.0,0,0
deterministic_only,cwe,CWE-835,12,12,7,5,0.5833333333333334,0,0,6,6,,0.0,,0.0,6.402,0,6,0.0,0,,,0,0.0,0,0
deterministic_only,cwe,CWE-843,2,2,2,0,1.0,0,0,1,1,,0.0,,0.0,1.55,0,1,0.0,0,,,0,0.0,0,0
deterministic_only,cwe,CWE-862,16,16,6,10,0.375,0,0,8,8,,0.0,,0.0,9.531,0,8,0.0,0,,,0,0.0,0,0
deterministic_only,cwe,CWE-863,20,20,17,3,0.85,0,1,9,10,0.0,0.0,,0.17658484901995408,5.663,0,10,0.0,0,,,0,0.0,0,0
deterministic_only,cwe,CWE-88,2,2,2,0,1.0,1,1,0,0,0.5,1.0,0.6666666666666666,0.2853881278538813,3.504,0,1,0.0,0,,,0,0.0,0,0
deterministic_only,cwe,CWE-89,20,20,8,12,0.4,1,1,9,9,0.5,0.1,0.16666666666666669,0.18950161076369149,5.277,0,10,0.0,0,,,0,0.0,0,0
deterministic_only,cwe,CWE-918,26,26,15,11,0.5769230769230769,4,4,9,9,0.5,0.3076923076923077,0.380952380952381,0.5903187721369539,6.776,0,13,0.0,0,,,0,0.0,0,0
deterministic_only,cwe,CWE-94,10,10,6,4,0.6,0,0,5,5,,0.0,,0.0,2.229,0,5,0.0,0,,,0,0.0,0,0
scanner_seeded,language,go,200,200,45,155,0.225,0,0,100,100,,0.0,,0.0,144.961,0,100,0.0,4,884.5,949.0,6107,0.000934,0,0
scanner_seeded,language,js-ts,200,200,148,52,0.74,4,5,95,96,0.4444444444444444,0.04,0.07339449541284404,0.021657303492456762,230.869,0,100,0.0,45,1154.0,2227.0,703333,0.105699,0,0
scanner_seeded,language,python,200,200,154,46,0.77,10,9,91,90,0.5263157894736842,0.1,0.16806722689075632,0.07487707679892176,120.197,0,100,0.0,71,1043.0,1503.0,473956,0.071411,0,0
scanner_seeded,split,calibration,120,120,70,50,0.5833333333333334,3,3,57,57,0.5,0.05,0.09090909090909091,0.04601579875757344,65.195,0,60,0.0,21,1125.0,1239.0,151536,0.022824,0,0
scanner_seeded,split,development,240,240,147,93,0.6125,5,6,114,115,0.45454545454545453,0.041666666666666664,0.07633587786259541,0.029396490059086944,204.106,0,120,0.0,54,1064.5,1680.0,441390,0.066449,0,0
scanner_seeded,split,held-out,240,240,130,110,0.5416666666666666,6,5,115,114,0.5454545454545454,0.05,0.0916030534351145,0.022053050819050308,226.726,0,120,0.0,45,1059.0,2227.0,590470,0.088771,0,0
scanner_seeded,language_split,go:calibration,40,40,8,32,0.2,0,0,20,20,,0.0,,0.0,23.112000000000002,0,20,0.0,0,,,0,0.0,0,0
scanner_seeded,language_split,go:development,80,80,22,58,0.275,0,0,40,40,,0.0,,0.0,62.886,0,40,0.0,2,781.0,898.0,4073,0.00062,0,0
scanner_seeded,language_split,go:held-out,80,80,15,65,0.1875,0,0,40,40,,0.0,,0.0,58.963,0,40,0.0,2,910.0,949.0,2034,0.000314,0,0
scanner_seeded,language_split,js-ts:calibration,40,40,30,10,0.75,1,1,19,19,0.5,0.05,0.09090909090909091,0.07270083605961468,13.755,0,20,0.0,8,1085.0,1576.0,40699,0.006141,0,0
scanner_seeded,language_split,js-ts:development,80,80,62,18,0.775,2,3,37,38,0.4,0.05,0.0888888888888889,0.03041331697772731,98.641,0,40,0.0,19,1210.0,1821.0,260441,0.039151,0,0
scanner_seeded,language_split,js-ts:held-out,80,80,56,24,0.7,1,1,39,39,0.5,0.025,0.047619047619047616,0.008440741772386958,118.473,0,40,0.0,18,1182.0,2913.0,402193,0.060407,0,0
scanner_seeded,language_split,python:calibration,40,40,32,8,0.8,2,2,18,18,0.5,0.1,0.16666666666666669,0.07060152499293985,28.328,0,20,0.0,13,1125.0,1239.0,110837,0.016683,0,0
scanner_seeded,language_split,python:development,80,80,63,17,0.7875,3,3,37,37,0.5,0.075,0.13043478260869565,0.07045726766715987,42.579,0,40,0.0,33,997.0,1488.0,176876,0.026678,0,0
scanner_seeded,language_split,python:held-out,80,80,59,21,0.7375,5,4,36,35,0.5555555555555556,0.125,0.20408163265306123,0.08115236356258876,49.29,0,40,0.0,25,1047.0,1579.0,186243,0.02805,0,0
scanner_seeded,cwe,CWE-1021,6,6,6,0,1.0,0,0,3,3,,0.0,,0.0,3.899,0,3,0.0,4,1335.0,1898.0,34782,0.005235,0,0
scanner_seeded,cwe,CWE-116,2,2,2,0,1.0,0,0,1,1,,0.0,,0.0,1.296,0,1,0.0,0,,,0,0.0,0,0
scanner_seeded,cwe,CWE-1188,4,4,4,0,1.0,0,0,2,2,,0.0,,0.0,0.8680000000000001,0,2,0.0,0,,,0,0.0,0,0
scanner_seeded,cwe,CWE-120,4,4,0,4,0.0,0,0,2,2,,0.0,,0.0,0.545,0,2,0.0,0,,,0,0.0,0,0
scanner_seeded,cwe,CWE-125,4,4,4,0,1.0,0,0,2,2,,0.0,,0.0,1.178,0,2,0.0,2,1129.0,1195.0,7858,0.001188,0,0
scanner_seeded,cwe,CWE-1284,4,4,4,0,1.0,0,0,2,2,,0.0,,0.0,1.423,0,2,0.0,4,1215.5,1366.0,12058,0.001827,0,0
scanner_seeded,cwe,CWE-129,14,14,0,14,0.0,0,0,7,7,,0.0,,0.0,25.946,0,7,0.0,0,,,0,0.0,0,0
scanner_seeded,cwe,CWE-1321,6,6,6,0,1.0,0,0,3,3,,0.0,,0.0,2.341,0,3,0.0,0,,,0,0.0,0,0
scanner_seeded,cwe,CWE-1333,8,8,6,2,0.75,0,0,4,4,,0.0,,0.0,0.939,0,4,0.0,0,,,0,0.0,0,0
scanner_seeded,cwe,CWE-190,2,2,0,2,0.0,0,0,1,1,,0.0,,0.0,0.048,0,1,0.0,0,,,0,0.0,0,0
scanner_seeded,cwe,CWE-20,16,16,10,6,0.625,1,1,7,7,0.5,0.125,0.2,0.08142659392557611,12.280999999999999,0,8,0.0,4,1284.5,1417.0,71309,0.010714,0,0
scanner_seeded,cwe,CWE-200,8,8,4,4,0.5,0,0,4,4,,0.0,,0.0,7.063,0,4,0.0,2,971.0,1066.0,8906,0.001345,0,0
scanner_seeded,cwe,CWE-203,6,6,4,2,0.6666666666666666,0,0,3,3,,0.0,,0.0,3.689,0,3,0.0,2,929.0,934.0,4601,0.000699,0,0
scanner_seeded,cwe,CWE-209,2,2,0,2,0.0,0,0,1,1,,0.0,,0.0,0.382,0,1,0.0,0,,,0,0.0,0,0
scanner_seeded,cwe,CWE-22,26,26,18,8,0.6923076923076923,0,1,12,13,0.0,0.0,,0.06658676255160474,15.018,0,13,0.0,8,1092.0,1330.0,65229,0.009819,0,0
scanner_seeded,cwe,CWE-23,2,2,2,0,1.0,1,1,0,0,0.5,1.0,0.6666666666666666,0.5399568034557235,1.852,0,1,0.0,2,1161.5,1247.0,12639,0.001905,0,0
scanner_seeded,cwe,CWE-252,2,2,2,0,1.0,1,1,0,0,0.5,1.0,0.6666666666666666,0.5115089514066496,1.955,0,1,0.0,2,926.5,1007.0,17774,0.002675,0,0
scanner_seeded,cwe,CWE-255,2,2,0,2,0.0,0,0,1,1,,0.0,,0.0,2.4939999999999998,0,1,0.0,0,,,0,0.0,0,0
scanner_seeded,cwe,CWE-264,10,10,8,2,0.8,1,1,4,4,0.5,0.2,0.28571428571428575,0.08538251366120218,11.712,0,5,0.0,6,1099.5,1376.0,53134,0.007997,0,0
scanner_seeded,cwe,CWE-269,2,2,2,0,1.0,0,0,1,1,,0.0,,0.0,0.652,0,1,0.0,2,901.5,987.0,5448,0.000826,0,0
scanner_seeded,cwe,CWE-276,2,2,0,2,0.0,0,0,1,1,,0.0,,0.0,12.461,0,1,0.0,0,,,0,0.0,0,0
scanner_seeded,cwe,CWE-284,4,4,2,2,0.5,0,0,2,2,,0.0,,0.0,1.782,0,2,0.0,1,1154.0,1154.0,2877,0.000436,0,0
scanner_seeded,cwe,CWE-285,8,8,8,0,1.0,0,0,4,4,,0.0,,0.0,7.461,0,4,0.0,0,,,0,0.0,0,0
scanner_seeded,cwe,CWE-287,20,20,14,6,0.7,0,0,10,10,,0.0,,0.0,3.844,0,10,0.0,4,971.5,1238.0,11284,0.001711,0,0
scanner_seeded,cwe,CWE-29,4,4,4,0,1.0,0,0,2,2,,0.0,,0.0,1.492,0,2,0.0,0,,,0,0.0,0,0
scanner_seeded,cwe,CWE-290,2,2,2,0,1.0,0,0,1,1,,0.0,,0.0,0.5,0,1,0.0,0,,,0,0.0,0,0
scanner_seeded,cwe,CWE-295,8,8,0,8,0.0,0,0,4,4,,0.0,,0.0,4.27,0,4,0.0,0,,,0,0.0,0,0
scanner_seeded,cwe,CWE-307,2,2,0,2,0.0,0,0,1,1,,0.0,,0.0,0.501,0,1,0.0,0,,,0,0.0,0,0
scanner_seeded,cwe,CWE-311,2,2,0,2,0.0,0,0,1,1,,0.0,,0.0,0.374,0,1,0.0,0,,,0,0.0,0,0
scanner_seeded,cwe,CWE-312,6,6,2,4,0.3333333333333333,0,0,3,3,,0.0,,0.0,0.193,0,3,0.0,0,,,0,0.0,0,0
scanner_seeded,cwe,CWE-326,4,4,2,2,0.5,0,0,2,2,,0.0,,0.0,1.07,0,2,0.0,0,,,0,0.0,0,0
scanner_seeded,cwe,CWE-327,2,2,2,0,1.0,0,0,1,1,,0.0,,0.0,0.247,0,1,0.0,0,,,0,0.0,0,0
scanner_seeded,cwe,CWE-330,6,6,4,2,0.6666666666666666,0,0,3,3,,0.0,,0.0,3.148,0,3,0.0,0,,,0,0.0,0,0
scanner_seeded,cwe,CWE-345,10,10,0,10,0.0,0,0,5,5,,0.0,,0.0,10.244,0,5,0.0,0,,,0,0.0,0,0
scanner_seeded,cwe,CWE-347,6,6,1,5,0.16666666666666666,0,0,3,3,,0.0,,0.0,2.028,0,3,0.0,0,,,0,0.0,0,0
scanner_seeded,cwe,CWE-352,10,10,10,0,1.0,2,2,3,3,0.5,0.4,0.4444444444444445,0.1922337562475971,10.404,0,5,0.0,9,1105.0,1678.0,103960,0.015634,0,0
scanner_seeded,cwe,CWE-362,2,2,0,2,0.0,0,0,1,1,,0.0,,0.0,1.1789999999999998,0,1,0.0,0,,,0,0.0,0,0
scanner_seeded,cwe,CWE-366,2,2,0,2,0.0,0,0,1,1,,0.0,,0.0,0.46499999999999997,0,1,0.0,0,,,0,0.0,0,0
scanner_seeded,cwe,CWE-367,2,2,0,2,0.0,0,0,1,1,,0.0,,0.0,1.8650000000000002,0,1,0.0,0,,,0,0.0,0,0
scanner_seeded,cwe,CWE-377,2,2,0,2,0.0,0,0,1,1,,0.0,,0.0,2.276,0,1,0.0,0,,,0,0.0,0,0
scanner_seeded,cwe,CWE-400,8,8,2,6,0.25,1,1,3,3,0.5,0.25,0.3333333333333333,0.12769761205465457,7.8309999999999995,0,4,0.0,2,915.0,1002.0,8223,0.001242,0,0
scanner_seeded,cwe,CWE-401,2,2,0,2,0.0,0,0,1,1,,0.0,,0.0,0.668,0,1,0.0,0,,,0,0.0,0,0
scanner_seeded,cwe,CWE-416,2,2,0,2,0.0,0,0,1,1,,0.0,,0.0,47.301,0,1,0.0,0,,,0,0.0,0,0
scanner_seeded,cwe,CWE-434,8,8,6,2,0.75,1,1,3,3,0.5,0.25,0.3333333333333333,0.07058159232072275,14.168,0,4,0.0,2,1129.5,1134.0,9512,0.001436,0,0
scanner_seeded,cwe,CWE-436,4,4,4,0,1.0,0,0,2,2,,0.0,,0.0,2.201,0,2,0.0,2,823.0,960.0,5154,0.000782,0,0
scanner_seeded,cwe,CWE-444,2,2,2,0,1.0,0,0,1,1,,0.0,,0.0,2.295,0,1,0.0,2,970.5,982.0,22837,0.003434,0,0
scanner_seeded,cwe,CWE-476,10,10,2,8,0.2,0,0,5,5,,0.0,,0.0,14.836,0,5,0.0,0,,,0,0.0,0,0
scanner_seeded,cwe,CWE-502,2,2,2,0,1.0,0,0,1,1,,0.0,,0.0,0.22999999999999998,0,1,0.0,0,,,0,0.0,0,0
scanner_seeded,cwe,CWE-532,2,2,0,2,0.0,0,0,1,1,,0.0,,0.0,0.546,0,1,0.0,0,,,0,0.0,0,0
scanner_seeded,cwe,CWE-534,2,2,0,2,0.0,0,0,1,1,,0.0,,0.0,1.214,0,1,0.0,0,,,0,0.0,0,0
scanner_seeded,cwe,CWE-601,14,14,12,2,0.8571428571428571,1,0,7,6,1.0,0.14285714285714285,0.25,0.0,5.003,0,7,0.0,9,1103.0,1431.0,34910,0.005278,0,0
scanner_seeded,cwe,CWE-610,6,6,2,4,0.3333333333333333,0,0,3,3,,0.0,,0.0,0.864,0,3,0.0,0,,,0,0.0,0,0
scanner_seeded,cwe,CWE-613,12,12,10,2,0.8333333333333334,0,0,6,6,,0.0,,0.0,2.685,0,6,0.0,8,922.5,1203.0,9846,0.001513,0,0
scanner_seeded,cwe,CWE-617,6,6,4,2,0.6666666666666666,0,0,3,3,,0.0,,0.0,7.627,0,3,0.0,0,,,0,0.0,0,0
scanner_seeded,cwe,CWE-639,2,2,2,0,1.0,0,0,1,1,,0.0,,0.0,0.22,0,1,0.0,0,,,0,0.0,0,0
scanner_seeded,cwe,CWE-648,6,6,2,4,0.3333333333333333,0,0,3,3,,0.0,,0.0,1.617,0,3,0.0,0,,,0,0.0,0,0
scanner_seeded,cwe,CWE-665,4,4,0,4,0.0,0,0,2,2,,0.0,,0.0,1.052,0,2,0.0,0,,,0,0.0,0,0
scanner_seeded,cwe,CWE-668,2,2,2,0,1.0,0,0,1,1,,0.0,,0.0,0.152,0,1,0.0,0,,,0,0.0,0,0
scanner_seeded,cwe,CWE-670,10,10,4,6,0.4,0,0,5,5,,0.0,,0.0,20.004,0,5,0.0,0,,,0,0.0,0,0
scanner_seeded,cwe,CWE-674,8,8,4,4,0.5,0,0,4,4,,0.0,,0.0,13.226,0,4,0.0,0,,,0,0.0,0,0
scanner_seeded,cwe,CWE-707,2,2,0,2,0.0,0,0,1,1,,0.0,,0.0,1.176,0,1,0.0,0,,,0,0.0,0,0
scanner_seeded,cwe,CWE-74,12,12,6,6,0.5,0,0,6,6,,0.0,,0.0,4.045,0,6,0.0,0,,,0,0.0,0,0
scanner_seeded,cwe,CWE-754,2,2,2,0,1.0,0,0,1,1,,0.0,,0.0,0.128,0,1,0.0,0,,,0,0.0,0,0
scanner_seeded,cwe,CWE-755,4,4,2,2,0.5,0,0,2,2,,0.0,,0.0,2.689,0,2,0.0,2,921.0,1040.0,8984,0.001356,0,0
scanner_seeded,cwe,CWE-77,4,4,2,2,0.5,0,0,2,2,,0.0,,0.0,0.766,0,2,0.0,0,,,0,0.0,0,0
scanner_seeded,cwe,CWE-770,14,14,6,8,0.42857142857142855,0,0,7,7,,0.0,,0.0,13.083,0,7,0.0,0,,,0,0.0,0,0
scanner_seeded,cwe,CWE-78,20,20,16,4,0.8,0,0,10,10,,0.0,,0.0,14.722999999999999,0,10,0.0,4,1314.5,1821.0,106875,0.016049,0,0
scanner_seeded,cwe,CWE-787,2,2,0,2,0.0,0,0,1,1,,0.0,,0.0,2.481,0,1,0.0,0,,,0,0.0,0,0
scanner_seeded,cwe,CWE-789,2,2,2,0,1.0,0,0,1,1,,0.0,,0.0,0.31,0,1,0.0,0,,,0,0.0,0,0
scanner_seeded,cwe,CWE-79,82,82,55,27,0.6707317073170732,2,2,39,39,0.5,0.04878048780487805,0.08888888888888888,0.018160520843737798,110.129,0,41,0.0,24,1210.5,2283.0,519352,0.07801,0,0
scanner_seeded,cwe,CWE-821,2,2,0,2,0.0,0,0,1,1,,0.0,,0.0,0.44,0,1,0.0,0,,,0,0.0,0,0
scanner_seeded,cwe,CWE-835,12,12,7,5,0.5833333333333334,0,0,6,6,,0.0,,0.0,6.402,0,6,0.0,0,,,0,0.0,0,0
scanner_seeded,cwe,CWE-843,2,2,2,0,1.0,0,0,1,1,,0.0,,0.0,1.55,0,1,0.0,0,,,0,0.0,0,0
scanner_seeded,cwe,CWE-862,16,16,6,10,0.375,0,0,8,8,,0.0,,0.0,9.531,0,8,0.0,0,,,0,0.0,0,0
scanner_seeded,cwe,CWE-863,20,20,17,3,0.85,0,1,9,10,0.0,0.0,,0.17658484901995408,5.663,0,10,0.0,1,892.0,892.0,654,0.000103,0,0
scanner_seeded,cwe,CWE-88,2,2,2,0,1.0,0,0,1,1,,0.0,,0.0,3.504,0,1,0.0,2,1389.0,1576.0,27524,0.004137,0,0
scanner_seeded,cwe,CWE-89,20,20,8,12,0.4,1,1,9,9,0.5,0.1,0.16666666666666669,0.18950161076369149,5.277,0,10,0.0,2,930.5,961.0,5721,0.000867,0,0
scanner_seeded,cwe,CWE-918,26,26,15,11,0.5769230769230769,2,1,12,11,0.6666666666666666,0.15384615384615385,0.25,0.14757969303423848,6.776,0,13,0.0,8,810.5,1204.0,11945,0.001826,0,0
scanner_seeded,cwe,CWE-94,10,10,6,4,0.6,0,0,5,5,,0.0,,0.0,2.229,0,5,0.0,0,,,0,0.0,0,0
model_native,language,go,200,600,600,0,1.0,35,30,270,265,0.5384615384615384,0.11666666666666667,0.1917808219178082,0.06898407157787267,434.883,0,300,0.0,600,952.5,1614.0,5455686,0.821004,0,0
model_native,language,js-ts,200,600,600,0,1.0,49,50,250,251,0.494949494949495,0.16333333333333333,0.24561403508771926,0.07219101164152254,692.607,0,300,0.0,600,973.0,1680.0,8062308,1.212006,0,0
model_native,language,python,200,600,600,0,1.0,67,68,232,233,0.4962962962962963,0.22333333333333333,0.3080459770114942,0.18857930453061778,360.591,0,300,0.0,600,998.0,1417.0,3526494,0.531657,0,0
model_native,split,calibration,120,360,360,0,1.0,42,41,139,138,0.5060240963855421,0.23333333333333334,0.3193916349809886,0.20962752767339007,195.585,0,180,0.0,360,980.0,1383.0,1983861,0.299175,0,0
model_native,split,development,240,720,720,0,1.0,62,56,304,298,0.5254237288135594,0.17222222222222222,0.2594142259414226,0.09145574685049272,612.318,0,360,0.0,720,988.0,1622.0,8318145,1.250916,0,0
model_native,split,held-out,240,720,720,0,1.0,47,51,309,313,0.47959183673469385,0.13055555555555556,0.20524017467248912,0.07498037278477104,680.178,0,360,0.0,720,969.0,1575.0,6742482,1.014576,0,0
model_native,language_split,go:calibration,40,120,120,0,1.0,8,9,51,52,0.47058823529411764,0.13333333333333333,0.2077922077922078,0.12980269989615784,69.336,0,60,0.0,120,929.5,1442.0,650043,0.098037,0,0
model_native,language_split,go:development,80,240,240,0,1.0,12,9,111,108,0.5714285714285714,0.1,0.1702127659574468,0.047705371624844964,188.658,0,120,0.0,240,987.5,1660.0,3002724,0.451461,0,0
model_native,language_split,go:held-out,80,240,240,0,1.0,15,12,108,105,0.5555555555555556,0.125,0.20408163265306123,0.06783915336736597,176.889,0,120,0.0,240,943.0,1629.0,1802919,0.271506,0,0
model_native,language_split,js-ts:calibration,40,120,120,0,1.0,21,20,40,39,0.5121951219512195,0.35,0.4158415841584158,0.48467224039743123,41.265,0,60,0.0,120,958.5,1339.0,470448,0.071097,0,0
model_native,language_split,js-ts:development,80,240,240,0,1.0,21,22,98,99,0.4883720930232558,0.175,0.2576687116564417,0.07434366372333344,295.923,0,120,0.0,240,999.0,1837.0,4143909,0.622653,0,0
model_native,language_split,js-ts:held-out,80,240,240,0,1.0,7,8,112,113,0.4666666666666667,0.058333333333333334,0.1037037037037037,0.02250864472636522,355.419,0,120,0.0,240,967.0,1665.0,3447951,0.518256,0,0
model_native,language_split,python:calibration,40,120,120,0,1.0,13,12,48,47,0.52,0.21666666666666667,0.3058823529411765,0.1412030499858797,84.984,0,60,0.0,120,1035.5,1383.0,863370,0.130041,0,0
model_native,language_split,python:development,80,240,240,0,1.0,29,25,95,91,0.5370370370370371,0.24166666666666667,0.3333333333333333,0.19571463240877743,127.737,0,120,0.0,240,983.0,1400.0,1171512,0.176802,0,0
model_native,language_split,python:held-out,80,240,240,0,1.0,25,31,89,95,0.44642857142857145,0.20833333333333334,0.2840909090909091,0.20964360587002095,147.87,0,120,0.0,240,997.0,1441.0,1491612,0.224814,0,0
model_native,cwe,CWE-1021,6,18,18,0,1.0,0,0,9,9,,0.0,,0.0,11.697000000000001,0,9,0.0,18,1045.0,1898.0,120102,0.018096,0,0
model_native,cwe,CWE-116,2,6,6,0,1.0,0,0,3,3,,0.0,,0.0,3.888,0,3,0.0,6,1028.5,1154.0,40878,0.006159,0,0
model_native,cwe,CWE-1188,4,12,12,0,1.0,3,3,3,3,0.5,0.5,0.5,1.152073732718894,2.604,0,6,0.0,12,829.5,1099.0,20544,0.003135,0,0
model_native,cwe,CWE-120,4,12,12,0,1.0,3,3,3,3,0.5,0.5,0.5,1.8348623853211008,1.635,0,6,0.0,12,886.5,1215.0,20145,0.003075,0,0
model_native,cwe,CWE-125,4,12,12,0,1.0,0,0,6,6,,0.0,,0.0,3.534,0,6,0.0,12,969.5,1195.0,28392,0.004314,0,0
model_native,cwe,CWE-1284,4,12,12,0,1.0,0,0,6,6,,0.0,,0.0,4.269,0,6,0.0,12,1062.5,1366.0,36174,0.005481,0,0
model_native,cwe,CWE-129,14,42,42,0,1.0,0,0,21,21,,0.0,,0.0,77.83800000000001,0,21,0.0,42,1103.0,1731.0,919035,0.138045,0,0
model_native,cwe,CWE-1321,6,18,18,0,1.0,3,3,6,6,0.5,0.3333333333333333,0.4,0.4271678769756514,7.023000000000001,0,9,0.0,18,1035.5,1401.0,56901,0.008616,0,0
model_native,cwe,CWE-1333,8,24,24,0,1.0,3,3,9,9,0.5,0.25,0.3333333333333333,1.0649627263045793,2.817,0,12,0.0,24,929.5,4889.0,1746270,0.262047,0,0
model_native,cwe,CWE-190,2,6,6,0,1.0,0,0,3,3,,0.0,,0.0,0.14400000000000002,0,3,0.0,6,867.5,975.0,1515,0.000252,0,0
model_native,cwe,CWE-20,16,48,48,0,1.0,3,3,21,21,0.5,0.125,0.2,0.08142659392557611,36.842999999999996,0,24,0.0,48,1017.5,1555.0,352770,0.053133,0,0
model_native,cwe,CWE-200,8,24,24,0,1.0,3,2,10,9,0.6,0.25,0.35294117647058826,0.09438859785737883,21.189,0,12,0.0,24,1010.5,1375.0,194196,0.029238,0,0
model_native,cwe,CWE-203,6,18,18,0,1.0,0,0,9,9,,0.0,,0.0,11.067,0,9,0.0,18,1037.0,1546.0,105645,0.015927,0,0
model_native,cwe,CWE-209,2,6,6,0,1.0,0,0,3,3,,0.0,,0.0,1.146,0,3,0.0,6,858.0,1293.0,10368,0.001581,0,0
model_native,cwe,CWE-22,26,78,78,0,1.0,12,17,22,27,0.41379310344827586,0.3076923076923077,0.35294117647058826,0.37732498779242685,45.054,0,39,0.0,78,1014.5,1330.0,388971,0.058686,0,0
model_native,cwe,CWE-23,2,6,6,0,1.0,3,3,0,0,0.5,1.0,0.6666666666666666,0.5399568034557235,5.556,0,3,0.0,6,1055.5,1247.0,37917,0.005715,0,0
model_native,cwe,CWE-252,2,6,6,0,1.0,1,3,0,2,0.25,0.3333333333333333,0.28571428571428575,0.5115089514066496,5.865,0,3,0.0,6,963.5,1219.0,53322,0.008025,0,0
model_native,cwe,CWE-255,2,6,6,0,1.0,3,3,0,0,0.5,1.0,0.6666666666666666,0.40096230954290296,7.482,0,3,0.0,6,1175.5,1375.0,63231,0.009513,0,0
model_native,cwe,CWE-264,10,30,30,0,1.0,4,6,9,11,0.4,0.26666666666666666,0.32,0.17076502732240437,35.136,0,15,0.0,30,1068.5,1664.0,341571,0.051369,0,0
model_native,cwe,CWE-269,2,6,6,0,1.0,0,0,3,3,,0.0,,0.0,1.956,0,3,0.0,6,838.5,987.0,16344,0.002478,0,0
model_native,cwe,CWE-276,2,6,6,0,1.0,0,0,3,3,,0.0,,0.0,37.383,0,3,0.0,6,1425.5,1837.0,253950,0.038118,0,0
model_native,cwe,CWE-284,4,12,12,0,1.0,0,0,6,6,,0.0,,0.0,5.346,0,6,0.0,12,1028.0,1488.0,49761,0.007518,0,0
model_native,cwe,CWE-285,8,24,24,0,1.0,0,0,12,12,,0.0,,0.0,22.383000000000003,0,12,0.0,24,1082.5,1384.0,179643,0.027057,0,0
model_native,cwe,CWE-287,20,60,60,0,1.0,5,3,27,25,0.625,0.16666666666666666,0.2631578947368421,0.2601456815816857,11.532,0,30,0.0,60,942.5,1201.0,97455,0.014886,0,0
model_native,cwe,CWE-29,4,12,12,0,1.0,3,3,3,3,0.5,0.5,0.5,0.6702412868632708,4.476,0,6,0.0,12,1038.0,1525.0,54552,0.008235,0,0
model_native,cwe,CWE-290,2,6,6,0,1.0,0,0,3,3,,0.0,,0.0,1.5,0,3,0.0,6,895.5,1079.0,12648,0.001926,0,0
model_native,cwe,CWE-295,8,24,24,0,1.0,3,0,12,9,1.0,0.25,0.4,0.0,12.81,0,12,0.0,24,1020.0,1311.0,114783,0.017322,0,0
model_native,cwe,CWE-307,2,6,6,0,1.0,0,0,3,3,,0.0,,0.0,1.5030000000000001,0,3,0.0,6,737.5,908.0,10389,0.001584,0,0
model_native,cwe,CWE-311,2,6,6,0,1.0,0,0,3,3,,0.0,,0.0,1.1219999999999999,0,3,0.0,6,1011.0,1194.0,9897,0.001512,0,0
model_native,cwe,CWE-312,6,18,18,0,1.0,0,0,9,9,,0.0,,0.0,0.579,0,9,0.0,18,883.0,1176.0,5598,0.000918,0,0
model_native,cwe,CWE-326,4,12,12,0,1.0,0,0,6,6,,0.0,,0.0,3.21,0,6,0.0,12,905.0,1221.0,33696,0.005106,0,0
model_native,cwe,CWE-327,2,6,6,0,1.0,0,0,3,3,,0.0,,0.0,0.741,0,3,0.0,6,894.5,1071.0,5937,0.000915,0,0
model_native,cwe,CWE-330,6,18,18,0,1.0,3,0,9,6,1.0,0.3333333333333333,0.5,0.0,9.444,0,9,0.0,18,978.0,1455.0,84819,0.012804,0,0
model_native,cwe,CWE-345,10,30,30,0,1.0,0,0,15,15,,0.0,,0.0,30.732,0,15,0.0,30,885.5,3080.0,1094901,0.164367,0,0
model_native,cwe,CWE-347,6,18,18,0,1.0,0,0,9,9,,0.0,,0.0,6.0840000000000005,0,9,0.0,18,804.5,1404.0,58359,0.008835,0,0
model_native,cwe,CWE-352,10,30,30,0,1.0,4,4,11,11,0.5,0.26666666666666666,0.3478260869565218,0.12815583749839804,31.212,0,15,0.0,30,1111.0,1579.0,318348,0.047886,0,0
model_native,cwe,CWE-362,2,6,6,0,1.0,0,0,3,3,,0.0,,0.0,3.537,0,3,0.0,6,1079.0,1335.0,29577,0.004461,0,0
model_native,cwe,CWE-366,2,6,6,0,1.0,0,0,3,3,,0.0,,0.0,1.395,0,3,0.0,6,978.5,1390.0,13071,0.001986,0,0
model_native,cwe,CWE-367,2,6,6,0,1.0,2,3,0,1,0.4,0.6666666666666666,0.5,0.5361930294906165,5.595000000000001,0,3,0.0,6,1042.5,1366.0,46299,0.006969,0,0
model_native,cwe,CWE-377,2,6,6,0,1.0,0,0,3,3,,0.0,,0.0,6.827999999999999,0,3,0.0,6,1244.0,1692.0,71895,0.010812,0,0
model_native,cwe,CWE-400,8,24,24,0,1.0,3,4,8,9,0.42857142857142855,0.25,0.3157894736842105,0.17026348273953945,23.493,0,12,0.0,24,1079.0,1416.0,188175,0.028335,0,0
model_native,cwe,CWE-401,2,6,6,0,1.0,0,0,3,3,,0.0,,0.0,2.004,0,3,0.0,6,851.5,1150.0,24984,0.003774,0,0
model_native,cwe,CWE-416,2,6,6,0,1.0,0,0,3,3,,0.0,,0.0,141.90300000000002,0,3,0.0,6,2413.5,5040.0,1513386,0.227034,0,0
model_native,cwe,CWE-434,8,24,24,0,1.0,3,3,9,9,0.5,0.25,0.3333333333333333,0.07058159232072275,42.504,0,12,0.0,24,1027.0,1935.0,435384,0.065412,0,0
model_native,cwe,CWE-436,4,12,12,0,1.0,0,0,6,6,,0.0,,0.0,6.603,0,6,0.0,12,994.5,1388.0,69195,0.010434,0,0
model_native,cwe,CWE-444,2,6,6,0,1.0,0,0,3,3,,0.0,,0.0,6.885,0,3,0.0,6,989.5,1215.0,68511,0.010302,0,0
model_native,cwe,CWE-476,10,30,30,0,1.0,0,0,15,15,,0.0,,0.0,44.507999999999996,0,15,0.0,30,1141.0,1760.0,521352,0.078339,0,0
model_native,cwe,CWE-502,2,6,6,0,1.0,3,0,3,0,1.0,1.0,1.0,0.0,0.69,0,3,0.0,6,966.0,1076.0,6081,0.000939,0,0
model_native,cwe,CWE-532,2,6,6,0,1.0,0,0,3,3,,0.0,,0.0,1.6380000000000001,0,3,0.0,6,932.0,1740.0,13590,0.002064,0,0
model_native,cwe,CWE-534,2,6,6,0,1.0,0,0,3,3,,0.0,,0.0,3.642,0,3,0.0,6,1211.5,1400.0,30345,0.004581,0,0
model_native,cwe,CWE-601,14,42,42,0,1.0,6,5,16,15,0.5454545454545454,0.2857142857142857,0.37499999999999994,0.3331334532613765,15.009,0,21,0.0,42,954.0,1194.0,132072,0.020001,0,0
model_native,cwe,CWE-610,6,18,18,0,1.0,0,0,9,9,,0.0,,0.0,2.592,0,9,0.0,18,867.0,1198.0,25260,0.003867,0,0
model_native,cwe,CWE-613,12,36,36,0,1.0,0,0,18,18,,0.0,,0.0,8.055,0,18,0.0,36,966.5,1203.0,70263,0.010698,0,0
model_native,cwe,CWE-617,6,18,18,0,1.0,0,0,9,9,,0.0,,0.0,22.881,0,9,0.0,18,1084.5,1572.0,257607,0.038718,0,0
model_native,cwe,CWE-639,2,6,6,0,1.0,0,0,3,3,,0.0,,0.0,0.66,0,3,0.0,6,972.0,1171.0,4851,0.000753,0,0
model_native,cwe,CWE-648,6,18,18,0,1.0,5,5,4,4,0.5,0.5555555555555556,0.5263157894736842,1.0307153164296021,4.851,0,9,0.0,18,951.0,1214.0,49230,0.007464,0,0
model_native,cwe,CWE-665,4,12,12,0,1.0,0,0,6,6,,0.0,,0.0,3.156,0,6,0.0,12,837.0,1244.0,31989,0.004854,0,0
model_native,cwe,CWE-668,2,6,6,0,1.0,0,0,3,3,,0.0,,0.0,0.45599999999999996,0,3,0.0,6,813.5,1017.0,3897,0.000612,0,0
model_native,cwe,CWE-670,10,30,30,0,1.0,0,0,15,15,,0.0,,0.0,60.012,0,15,0.0,30,1161.5,1759.0,537438,0.080748,0,0
model_native,cwe,CWE-674,8,24,24,0,1.0,3,3,9,9,0.5,0.25,0.3333333333333333,0.0756086496295176,39.678000000000004,0,12,0.0,24,1157.0,1521.0,266649,0.040107,0,0
model_native,cwe,CWE-707,2,6,6,0,1.0,3,3,0,0,0.5,1.0,0.6666666666666666,0.8503401360544218,3.5279999999999996,0,3,0.0,6,1014.5,1134.0,57054,0.008583,0,0
model_native,cwe,CWE-74,12,36,36,0,1.0,0,5,13,18,0.0,0.0,,0.4120313143798929,12.135,0,18,0.0,36,891.0,1157.0,107739,0.016317,0,0
model_native,cwe,CWE-754,2,6,6,0,1.0,0,0,3,3,,0.0,,0.0,0.384,0,3,0.0,6,819.5,965.0,3192,0.000507,0,0
model_native,cwe,CWE-755,4,12,12,0,1.0,0,0,6,6,,0.0,,0.0,8.067,0,6,0.0,12,966.5,1250.0,71820,0.010827,0,0
model_native,cwe,CWE-77,4,12,12,0,1.0,4,3,3,2,0.5714285714285714,0.6666666666666666,0.6153846153846153,1.3054830287206267,2.298,0,6,0.0,12,949.5,1158.0,26295,0.003996,0,0
model_native,cwe,CWE-770,14,42,42,0,1.0,0,0,21,21,,0.0,,0.0,39.249,0,21,0.0,42,1004.5,1383.0,351276,0.052875,0,0
model_native,cwe,CWE-78,20,60,60,0,1.0,12,9,21,18,0.5714285714285714,0.4,0.47058823529411764,0.20376282007742988,44.169,0,30,0.0,60,940.0,1674.0,486039,0.073167,0,0
model_native,cwe,CWE-787,2,6,6,0,1.0,0,0,3,3,,0.0,,0.0,7.4430000000000005,0,3,0.0,6,1183.5,1388.0,67086,0.010089,0,0
model_native,cwe,CWE-789,2,6,6,0,1.0,0,0,3,3,,0.0,,0.0,0.9299999999999999,0,3,0.0,6,1003.0,1225.0,7614,0.001167,0,0
model_native,cwe,CWE-79,82,246,246,0,1.0,21,20,103,102,0.5121951219512195,0.17073170731707318,0.25609756097560976,0.06053506947912599,330.387,0,123,0.0,246,977.5,1945.0,2900028,0.436101,0,0
model_native,cwe,CWE-821,2,6,6,0,1.0,3,3,0,0,0.5,1.0,0.6666666666666666,2.2727272727272725,1.32,0,3,0.0,6,717.5,1299.0,8898,0.001362,0,0
model_native,cwe,CWE-835,12,36,36,0,1.0,0,6,12,18,0.0,0.0,,0.31240237425804435,19.206,0,18,0.0,36,1016.5,1479.0,177954,0.026853,0,0
model_native,cwe,CWE-843,2,6,6,0,1.0,0,0,3,3,,0.0,,0.0,4.65,0,3,0.0,6,1096.0,1215.0,55824,0.0084,0,0
model_native,cwe,CWE-862,16,48,48,0,1.0,0,0,24,24,,0.0,,0.0,28.593,0,24,0.0,48,933.0,2063.0,761286,0.114405,0,0
model_native,cwe,CWE-863,20,60,60,0,1.0,3,3,27,27,0.5,0.1,0.16666666666666669,0.17658484901995408,16.989,0,30,0.0,60,900.5,1264.0,136743,0.020787,0,0
model_native,cwe,CWE-88,2,6,6,0,1.0,2,1,2,1,0.6666666666666666,0.6666666666666666,0.6666666666666666,0.09512937595129375,10.512,0,3,0.0,6,1147.5,1576.0,82572,0.012411,0,0
model_native,cwe,CWE-89,20,60,60,0,1.0,6,6,24,24,0.5,0.2,0.28571428571428575,0.37900322152738297,15.831,0,30,0.0,60,893.0,1217.0,158433,0.02403,0,0
model_native,cwe,CWE-918,26,78,78,0,1.0,12,6,33,27,0.6666666666666666,0.3076923076923077,0.42105263157894735,0.29515938606847697,20.328,0,39,0.0,78,911.0,1204.0,173382,0.026346,0,0
model_native,cwe,CWE-94,10,30,30,0,1.0,1,1,14,14,0.5,0.06666666666666667,0.11764705882352941,0.14954389113204727,6.686999999999999,0,15,0.0,30,905.0,1116.0,61125,0.009306,0,0
one_shot,language,go,200,600,600,0,1.0,47,44,256,253,0.5164835164835165,0.15666666666666668,0.24040920716112535,0.10117663831421325,434.883,0,300,0.0,600,958.0,1535.0,5461086,0.821799,0,0
one_shot,language,js-ts,200,600,600,0,1.0,62,55,245,238,0.5299145299145299,0.20666666666666667,0.2973621103117506,0.0794101128056748,692.607,0,300,0.0,600,960.0,1669.0,8067708,1.212822,0,0
one_shot,language,python,200,600,600,0,1.0,95,89,211,205,0.5163043478260869,0.31666666666666665,0.39256198347107435,0.24681703092977916,360.591,0,300,0.0,600,992.5,1386.0,3531894,0.532434,0,0
one_shot,split,calibration,120,360,360,0,1.0,47,45,135,133,0.5108695652173914,0.2611111111111111,0.34558823529411775,0.23007899378786717,195.585,0,180,0.0,360,992.5,1395.0,1987101,0.299664,0,0
one_shot,split,development,240,720,720,0,1.0,85,74,286,275,0.5345911949685535,0.2361111111111111,0.3275529865125241,0.12085223690957966,612.318,0,360,0.0,720,970.0,1546.0,8324625,1.251864,0,0
one_shot,split,held-out,240,720,720,0,1.0,72,69,291,288,0.5106382978723404,0.2,0.2874251497005988,0.10144403376763142,680.178,0,360,0.0,720,960.0,1535.0,6748962,1.015527,0,0
one_shot,language_split,go:calibration,40,120,120,0,1.0,9,12,48,51,0.42857142857142855,0.15,0.2222222222222222,0.17307026652821045,69.336,0,60,0.0,120,974.5,1342.0,651123,0.098196,0,0
one_shot,language_split,go:development,80,240,240,0,1.0,17,15,105,103,0.53125,0.14166666666666666,0.2236842105263158,0.07950895270807494,188.658,0,120,0.0,240,961.5,1565.0,3004884,0.451791,0,0
one_shot,language_split,go:held-out,80,240,240,0,1.0,21,17,103,99,0.5526315789473685,0.175,0.2658227848101266,0.09610546727043513,176.889,0,120,0.0,240,932.0,1491.0,1805079,0.271812,0,0
one_shot,language_split,js-ts:calibration,40,120,120,0,1.0,23,19,41,37,0.5476190476190477,0.38333333333333336,0.4509803921568628,0.46043862837755967,41.265,0,60,0.0,120,958.5,1456.0,471528,0.071271,0,0
one_shot,language_split,js-ts:development,80,240,240,0,1.0,26,22,98,94,0.5416666666666666,0.21666666666666667,0.30952380952380953,0.07434366372333344,295.923,0,120,0.0,240,961.5,1691.0,4146069,0.622971,0,0
one_shot,language_split,js-ts:held-out,80,240,240,0,1.0,13,14,106,107,0.48148148148148145,0.10833333333333334,0.17687074829931973,0.039390128271139135,355.419,0,120,0.0,240,960.0,1738.0,3450111,0.51858,0,0
one_shot,language_split,python:calibration,40,120,120,0,1.0,15,14,46,45,0.5172413793103449,0.25,0.33707865168539325,0.16473689165019298,84.984,0,60,0.0,120,1031.5,1395.0,864450,0.130197,0,0
one_shot,language_split,python:development,80,240,240,0,1.0,42,37,83,78,0.5316455696202531,0.35,0.42211055276381904,0.2896576559649906,127.737,0,120,0.0,240,981.5,1358.0,1173672,0.177102,0,0
one_shot,language_split,python:held-out,80,240,240,0,1.0,38,38,82,82,0.5,0.31666666666666665,0.3877551020408163,0.2569824846148644,147.87,0,120,0.0,240,977.5,1389.0,1493772,0.225135,0,0
one_shot,cwe,CWE-1021,6,18,18,0,1.0,0,0,9,9,,0.0,,0.0,11.697000000000001,0,9,0.0,18,975.0,1257.0,120264,0.018117,0,0
one_shot,cwe,CWE-116,2,6,6,0,1.0,0,0,3,3,,0.0,,0.0,3.888,0,3,0.0,6,960.0,1246.0,40932,0.006165,0,0
one_shot,cwe,CWE-1188,4,12,12,0,1.0,3,3,3,3,0.5,0.5,0.5,1.152073732718894,2.604,0,6,0.0,12,889.5,1169.0,20652,0.00315,0,0
one_shot,cwe,CWE-120,4,12,12,0,1.0,3,3,3,3,0.5,0.5,0.5,1.8348623853211008,1.635,0,6,0.0,12,839.5,988.0,20253,0.003087,0,0
one_shot,cwe,CWE-125,4,12,12,0,1.0,0,0,6,6,,0.0,,0.0,3.534,0,6,0.0,12,946.0,1187.0,28500,0.004326,0,0
one_shot,cwe,CWE-1284,4,12,12,0,1.0,0,0,6,6,,0.0,,0.0,4.269,0,6,0.0,12,1018.0,1214.0,36282,0.005496,0,0
one_shot,cwe,CWE-129,14,42,42,0,1.0,0,0,21,21,,0.0,,0.0,77.83800000000001,0,21,0.0,42,1017.5,1613.0,919413,0.138099,0,0
one_shot,cwe,CWE-1321,6,18,18,0,1.0,3,3,6,6,0.5,0.3333333333333333,0.4,0.4271678769756514,7.023000000000001,0,9,0.0,18,1002.5,1216.0,57063,0.008643,0,0
one_shot,cwe,CWE-1333,8,24,24,0,1.0,3,3,9,9,0.5,0.25,0.3333333333333333,1.0649627263045793,2.817,0,12,0.0,24,932.5,4797.0,1746486,0.262083,0,0
one_shot,cwe,CWE-190,2,6,6,0,1.0,0,0,3,3,,0.0,,0.0,0.14400000000000002,0,3,0.0,6,1061.5,1159.0,1569,0.000264,0,0
one_shot,cwe,CWE-20,16,48,48,0,1.0,3,3,21,21,0.5,0.125,0.2,0.08142659392557611,36.842999999999996,0,24,0.0,48,1012.5,1565.0,353202,0.053187,0,0
one_shot,cwe,CWE-200,8,24,24,0,1.0,4,4,8,8,0.5,0.3333333333333333,0.4,0.18877719571475765,21.189,0,12,0.0,24,1094.0,1342.0,194412,0.029268,0,0
one_shot,cwe,CWE-203,6,18,18,0,1.0,0,0,9,9,,0.0,,0.0,11.067,0,9,0.0,18,937.0,1549.0,105807,0.015951,0,0
one_shot,cwe,CWE-209,2,6,6,0,1.0,0,0,3,3,,0.0,,0.0,1.146,0,3,0.0,6,836.5,930.0,10422,0.00159,0,0
one_shot,cwe,CWE-22,26,78,78,0,1.0,17,18,21,22,0.4857142857142857,0.4358974358974359,0.45945945945945943,0.3995205753096284,45.054,0,39,0.0,78,1035.5,1419.0,389673,0.058794,0,0
one_shot,cwe,CWE-23,2,6,6,0,1.0,3,3,0,0,0.5,1.0,0.6666666666666666,0.5399568034557235,5.556,0,3,0.0,6,1004.5,1047.0,37971,0.005721,0,0
one_shot,cwe,CWE-252,2,6,6,0,1.0,3,3,0,0,0.5,1.0,0.6666666666666666,0.5115089514066496,5.865,0,3,0.0,6,1078.5,1369.0,53376,0.008034,0,0
one_shot,cwe,CWE-255,2,6,6,0,1.0,3,3,0,0,0.5,1.0,0.6666666666666666,0.40096230954290296,7.482,0,3,0.0,6,1197.0,1461.0,63285,0.009519,0,0
one_shot,cwe,CWE-264,10,30,30,0,1.0,15,12,3,0,0.5555555555555556,1.0,0.7142857142857143,0.34153005464480873,35.136,0,15,0.0,30,1116.5,1607.0,341841,0.051411,0,0
one_shot,cwe,CWE-269,2,6,6,0,1.0,0,0,3,3,,0.0,,0.0,1.956,0,3,0.0,6,868.5,1158.0,16398,0.002487,0,0
one_shot,cwe,CWE-276,2,6,6,0,1.0,0,0,3,3,,0.0,,0.0,37.383,0,3,0.0,6,1428.5,1963.0,254004,0.038127,0,0
one_shot,cwe,CWE-284,4,12,12,0,1.0,2,0,6,4,1.0,0.3333333333333333,0.5,0.0,5.346,0,6,0.0,12,972.5,1339.0,49869,0.007533,0,0
one_shot,cwe,CWE-285,8,24,24,0,1.0,3,2,10,9,0.6,0.25,0.35294117647058826,0.08935352723048741,22.383000000000003,0,12,0.0,24,939.0,1669.0,179859,0.027084,0,0
one_shot,cwe,CWE-287,20,60,60,0,1.0,3,4,26,27,0.42857142857142855,0.1,0.16216216216216217,0.346860908775581,11.532,0,30,0.0,60,971.0,1240.0,97995,0.014964,0,0
one_shot,cwe,CWE-29,4,12,12,0,1.0,3,3,3,3,0.5,0.5,0.5,0.6702412868632708,4.476,0,6,0.0,12,905.5,1270.0,54660,0.008253,0,0
one_shot,cwe,CWE-290,2,6,6,0,1.0,0,0,3,3,,0.0,,0.0,1.5,0,3,0.0,6,751.5,904.0,12702,0.001932,0,0
one_shot,cwe,CWE-295,8,24,24,0,1.0,2,1,11,10,0.6666666666666666,0.16666666666666666,0.26666666666666666,0.078064012490242,12.81,0,12,0.0,24,1043.0,1270.0,114999,0.017358,0,0
one_shot,cwe,CWE-307,2,6,6,0,1.0,0,0,3,3,,0.0,,0.0,1.5030000000000001,0,3,0.0,6,899.0,1159.0,10443,0.001593,0,0
one_shot,cwe,CWE-311,2,6,6,0,1.0,0,0,3,3,,0.0,,0.0,1.1219999999999999,0,3,0.0,6,898.0,1293.0,9951,0.001518,0,0
one_shot,cwe,CWE-312,6,18,18,0,1.0,0,0,9,9,,0.0,,0.0,0.579,0,9,0.0,18,866.0,1159.0,5760,0.000942,0,0
one_shot,cwe,CWE-326,4,12,12,0,1.0,0,0,6,6,,0.0,,0.0,3.21,0,6,0.0,12,1035.5,1232.0,33804,0.005127,0,0
one_shot,cwe,CWE-327,2,6,6,0,1.0,0,0,3,3,,0.0,,0.0,0.741,0,3,0.0,6,874.5,1056.0,5991,0.000927,0,0
one_shot,cwe,CWE-330,6,18,18,0,1.0,6,3,6,3,0.6666666666666666,0.6666666666666666,0.6666666666666666,0.31766200762388813,9.444,0,9,0.0,18,1008.5,1367.0,84981,0.012825,0,0
one_shot,cwe,CWE-345,10,30,30,0,1.0,2,2,13,13,0.5,0.13333333333333333,0.2105263157894737,0.06507874528179097,30.732,0,15,0.0,30,1029.0,3416.0,1095171,0.164409,0,0
one_shot,cwe,CWE-347,6,18,18,0,1.0,0,0,9,9,,0.0,,0.0,6.0840000000000005,0,9,0.0,18,848.5,1277.0,58521,0.008856,0,0
one_shot,cwe,CWE-352,10,30,30,0,1.0,6,6,9,9,0.5,0.4,0.4444444444444445,0.1922337562475971,31.212,0,15,0.0,30,1143.5,1688.0,318618,0.047928,0,0
one_shot,cwe,CWE-362,2,6,6,0,1.0,0,0,3,3,,0.0,,0.0,3.537,0,3,0.0,6,1045.0,1601.0,29631,0.004473,0,0
one_shot,cwe,CWE-366,2,6,6,0,1.0,0,0,3,3,,0.0,,0.0,1.395,0,3,0.0,6,849.0,981.0,13125,0.001995,0,0
one_shot,cwe,CWE-367,2,6,6,0,1.0,3,3,0,0,0.5,1.0,0.6666666666666666,0.5361930294906165,5.595000000000001,0,3,0.0,6,997.5,1395.0,46353,0.006981,0,0
one_shot,cwe,CWE-377,2,6,6,0,1.0,0,0,3,3,,0.0,,0.0,6.827999999999999,0,3,0.0,6,1078.5,1193.0,71949,0.010818,0,0
one_shot,cwe,CWE-400,8,24,24,0,1.0,3,3,9,9,0.5,0.25,0.3333333333333333,0.12769761205465457,23.493,0,12,0.0,24,1099.5,1619.0,188391,0.028365,0,0
one_shot,cwe,CWE-401,2,6,6,0,1.0,0,0,3,3,,0.0,,0.0,2.004,0,3,0.0,6,860.0,912.0,25038,0.00378,0,0
one_shot,cwe,CWE-416,2,6,6,0,1.0,0,0,3,3,,0.0,,0.0,141.90300000000002,0,3,0.0,6,2420.0,4816.0,1513440,0.227043,0,0
one_shot,cwe,CWE-434,8,24,24,0,1.0,3,3,9,9,0.5,0.25,0.3333333333333333,0.07058159232072275,42.504,0,12,0.0,24,972.5,1807.0,435600,0.065445,0,0
one_shot,cwe,CWE-436,4,12,12,0,1.0,0,0,6,6,,0.0,,0.0,6.603,0,6,0.0,12,949.5,1324.0,69303,0.010449,0,0
one_shot,cwe,CWE-444,2,6,6,0,1.0,0,0,3,3,,0.0,,0.0,6.885,0,3,0.0,6,1103.5,1242.0,68565,0.010314,0,0
one_shot,cwe,CWE-476,10,30,30,0,1.0,1,0,15,14,1.0,0.06666666666666667,0.125,0.0,44.507999999999996,0,15,0.0,30,1193.0,1504.0,521622,0.078378,0,0
one_shot,cwe,CWE-502,2,6,6,0,1.0,3,0,3,0,1.0,1.0,1.0,0.0,0.69,0,3,0.0,6,929.5,1233.0,6135,0.000945,0,0
one_shot,cwe,CWE-532,2,6,6,0,1.0,0,0,3,3,,0.0,,0.0,1.6380000000000001,0,3,0.0,6,797.0,910.0,13644,0.002073,0,0
one_shot,cwe,CWE-534,2,6,6,0,1.0,0,0,3,3,,0.0,,0.0,3.642,0,3,0.0,6,965.0,1059.0,30399,0.004587,0,0
one_shot,cwe,CWE-601,14,42,42,0,1.0,5,3,18,16,0.625,0.23809523809523808,0.3448275862068965,0.1998800719568259,15.009,0,21,0.0,42,951.5,1170.0,132450,0.020055,0,0
one_shot,cwe,CWE-610,6,18,18,0,1.0,0,1,8,9,0.0,0.0,,0.38580246913580246,2.592,0,9,0.0,18,891.0,1091.0,25422,0.003891,0,0
one_shot,cwe,CWE-613,12,36,36,0,1.0,3,1,17,15,0.75,0.16666666666666666,0.27272727272727276,0.12414649286157667,8.055,0,18,0.0,36,842.0,1156.0,70587,0.010743,0,0
one_shot,cwe,CWE-617,6,18,18,0,1.0,0,0,9,9,,0.0,,0.0,22.881,0,9,0.0,18,1154.0,1737.0,257769,0.038745,0,0
one_shot,cwe,CWE-639,2,6,6,0,1.0,0,0,3,3,,0.0,,0.0,0.66,0,3,0.0,6,955.5,1097.0,4905,0.000762,0,0
one_shot,cwe,CWE-648,6,18,18,0,1.0,5,6,3,4,0.45454545454545453,0.5555555555555556,0.5,1.2368583797155226,4.851,0,9,0.0,18,913.0,1622.0,49392,0.007488,0,0
one_shot,cwe,CWE-665,4,12,12,0,1.0,0,0,6,6,,0.0,,0.0,3.156,0,6,0.0,12,874.5,1143.0,32097,0.004866,0,0
one_shot,cwe,CWE-668,2,6,6,0,1.0,0,0,3,3,,0.0,,0.0,0.45599999999999996,0,3,0.0,6,844.0,972.0,3951,0.000621,0,0
one_shot,cwe,CWE-670,10,30,30,0,1.0,0,3,12,15,0.0,0.0,,0.04999000199960008,60.012,0,15,0.0,30,1129.5,1756.0,537708,0.08079,0,0
one_shot,cwe,CWE-674,8,24,24,0,1.0,3,3,9,9,0.5,0.25,0.3333333333333333,0.0756086496295176,39.678000000000004,0,12,0.0,24,1039.5,1518.0,266865,0.040134,0,0
one_shot,cwe,CWE-707,2,6,6,0,1.0,3,3,0,0,0.5,1.0,0.6666666666666666,0.8503401360544218,3.5279999999999996,0,3,0.0,6,1072.5,1313.0,57108,0.008592,0,0
one_shot,cwe,CWE-74,12,36,36,0,1.0,6,9,9,12,0.4,0.3333333333333333,0.3636363636363636,0.7416563658838072,12.135,0,18,0.0,36,884.0,1338.0,108063,0.016368,0,0
one_shot,cwe,CWE-754,2,6,6,0,1.0,0,0,3,3,,0.0,,0.0,0.384,0,3,0.0,6,917.5,983.0,3246,0.000513,0,0
one_shot,cwe,CWE-755,4,12,12,0,1.0,3,3,3,3,0.5,0.5,0.5,0.3718854592785422,8.067,0,6,0.0,12,1024.5,1291.0,71928,0.010845,0,0
one_shot,cwe,CWE-77,4,12,12,0,1.0,6,3,3,0,0.6666666666666666,1.0,0.8,1.3054830287206267,2.298,0,6,0.0,12,994.5,1396.0,26403,0.004017,0,0
one_shot,cwe,CWE-770,14,42,42,0,1.0,0,4,17,21,0.0,0.0,,0.1019134245458483,39.249,0,21,0.0,42,1050.0,1325.0,351654,0.052932,0,0
one_shot,cwe,CWE-78,20,60,60,0,1.0,12,9,21,18,0.5714285714285714,0.4,0.47058823529411764,0.20376282007742988,44.169,0,30,0.0,60,954.0,1565.0,486579,0.073254,0,0
one_shot,cwe,CWE-787,2,6,6,0,1.0,0,1,2,3,0.0,0.0,,0.13435442697836894,7.4430000000000005,0,3,0.0,6,1109.0,1966.0,67140,0.010098,0,0
one_shot,cwe,CWE-789,2,6,6,0,1.0,0,0,3,3,,0.0,,0.0,0.9299999999999999,0,3,0.0,6,938.0,1056.0,7668,0.001179,0,0
one_shot,cwe,CWE-79,82,246,246,0,1.0,28,22,101,95,0.56,0.22764227642276422,0.32369942196531787,0.0665885764270386,330.387,0,123,0.0,246,938.0,1782.0,2902242,0.436416,0,0
one_shot,cwe,CWE-821,2,6,6,0,1.0,3,3,0,0,0.5,1.0,0.6666666666666666,2.2727272727272725,1.32,0,3,0.0,6,935.5,1131.0,8952,0.001371,0,0
one_shot,cwe,CWE-835,12,36,36,0,1.0,3,4,14,15,0.42857142857142855,0.16666666666666666,0.24,0.2082682495053629,19.206,0,18,0.0,36,937.0,1588.0,178278,0.026898,0,0
one_shot,cwe,CWE-843,2,6,6,0,1.0,0,0,3,3,,0.0,,0.0,4.65,0,3,0.0,6,1109.5,1358.0,55878,0.008409,0,0
one_shot,cwe,CWE-862,16,48,48,0,1.0,2,0,24,22,1.0,0.08333333333333333,0.15384615384615385,0.0,28.593,0,24,0.0,48,997.5,1547.0,761718,0.114468,0,0
one_shot,cwe,CWE-863,20,60,60,0,1.0,3,3,27,27,0.5,0.1,0.16666666666666669,0.17658484901995408,16.989,0,30,0.0,60,860.0,1168.0,137283,0.020856,0,0
one_shot,cwe,CWE-88,2,6,6,0,1.0,0,1,2,3,0.0,0.0,,0.09512937595129375,10.512,0,3,0.0,6,1221.0,1626.0,82626,0.012423,0,0
one_shot,cwe,CWE-89,20,60,60,0,1.0,6,7,23,24,0.46153846153846156,0.2,0.27906976744186046,0.44217042511528015,15.831,0,30,0.0,60,887.0,1193.0,158973,0.024111,0,0
one_shot,cwe,CWE-918,26,78,78,0,1.0,10,9,30,29,0.5263157894736842,0.2564102564102564,0.3448275862068965,0.4427390791027155,20.328,0,39,0.0,78,924.0,1211.0,174084,0.026457,0,0
one_shot,cwe,CWE-94,10,30,30,0,1.0,3,2,13,12,0.6,0.2,0.3,0.29908778226409455,6.686999999999999,0,15,0.0,30,892.0,1309.0,61395,0.009339,0,0
full_hybrid,language,go,200,600,135,465,0.225,41,36,264,259,0.5324675324675324,0.13666666666666666,0.21750663129973477,0.0827808858934472,434.883,0,300,0.0,600,952.5,1614.0,5455686,0.821004,0,0
full_hybrid,language,js-ts,200,600,444,156,0.74,101,104,196,199,0.4926829268292683,0.33666666666666667,0.4,0.15015730421436688,692.607,0,300,0.0,600,973.0,1680.0,8062308,1.212006,0,0
full_hybrid,language,python,200,600,462,138,0.77,146,149,151,154,0.49491525423728816,0.4866666666666667,0.4907563025210084,0.4132105349273831,360.591,0,300,0.0,600,998.0,1417.0,3526494,0.531657,0,0
full_hybrid,split,calibration,120,360,210,150,0.5833333333333334,61,64,116,119,0.488,0.3388888888888889,0.4,0.3272234578316333,195.585,0,180,0.0,360,980.0,1383.0,1983861,0.299175,0,0
full_hybrid,split,development,240,720,441,279,0.6125,127,123,237,233,0.508,0.3527777777777778,0.4163934426229508,0.2008760154037608,612.318,0,360,0.0,720,988.0,1622.0,8318145,1.250916,0,0
full_hybrid,split,held-out,240,720,390,330,0.5416666666666666,100,102,258,260,0.49504950495049505,0.2777777777777778,0.35587188612099646,0.1499607455695421,680.178,0,360,0.0,720,969.0,1575.0,6742482,1.014576,0,0
full_hybrid,language_split,go:calibration,40,120,24,96,0.2,8,9,51,52,0.47058823529411764,0.13333333333333333,0.2077922077922078,0.12980269989615784,69.336,0,60,0.0,120,929.5,1442.0,650043,0.098037,0,0
full_hybrid,language_split,go:development,80,240,66,174,0.275,15,12,108,105,0.5555555555555556,0.125,0.20408163265306123,0.06360716216645995,188.658,0,120,0.0,240,987.5,1660.0,3002724,0.451461,0,0
full_hybrid,language_split,go:held-out,80,240,45,195,0.1875,18,15,105,102,0.5454545454545454,0.15,0.2352941176470588,0.08479894170920746,176.889,0,120,0.0,240,943.0,1629.0,1802919,0.271506,0,0
full_hybrid,language_split,js-ts:calibration,40,120,90,30,0.75,28,28,32,32,0.5,0.4666666666666667,0.4827586206896552,0.6785411365564037,41.265,0,60,0.0,120,958.5,1339.0,470448,0.071097,0,0
full_hybrid,language_split,js-ts:development,80,240,186,54,0.775,42,44,76,78,0.4883720930232558,0.35,0.4077669902912621,0.14868732744666688,295.923,0,120,0.0,240,999.0,1837.0,4143909,0.622653,0,0
full_hybrid,language_split,js-ts:held-out,80,240,168,72,0.7,31,32,88,89,0.49206349206349204,0.25833333333333336,0.3387978142076503,0.09003457890546088,355.419,0,120,0.0,240,967.0,1665.0,3447951,0.518256,0,0
full_hybrid,language_split,python:calibration,40,120,96,24,0.8,25,27,33,35,0.4807692307692308,0.4166666666666667,0.44642857142857145,0.3177068624682293,84.984,0,60,0.0,120,1035.5,1383.0,863370,0.130041,0,0
full_hybrid,language_split,python:development,80,240,189,51,0.7875,70,67,53,50,0.5109489051094891,0.5833333333333334,0.5447470817120622,0.5245152148555234,127.737,0,120,0.0,240,983.0,1400.0,1171512,0.176802,0,0
full_hybrid,language_split,python:held-out,80,240,177,63,0.7375,51,55,65,69,0.4811320754716981,0.425,0.45132743362831856,0.37194833299519847,147.87,0,120,0.0,240,997.0,1441.0,1491612,0.224814,0,0
full_hybrid,cwe,CWE-1021,6,18,18,0,1.0,6,6,3,3,0.5,0.6666666666666666,0.5714285714285715,0.5129520389843549,11.697000000000001,0,9,0.0,18,1045.0,1898.0,120102,0.018096,0,0
full_hybrid,cwe,CWE-116,2,6,6,0,1.0,0,0,3,3,,0.0,,0.0,3.888,0,3,0.0,6,1028.5,1154.0,40878,0.006159,0,0
full_hybrid,cwe,CWE-1188,4,12,12,0,1.0,3,3,3,3,0.5,0.5,0.5,1.152073732718894,2.604,0,6,0.0,12,829.5,1099.0,20544,0.003135,0,0
full_hybrid,cwe,CWE-120,4,12,0,12,0.0,3,3,3,3,0.5,0.5,0.5,1.8348623853211008,1.635,0,6,0.0,12,886.5,1215.0,20145,0.003075,0,0
full_hybrid,cwe,CWE-125,4,12,12,0,1.0,3,3,3,3,0.5,0.5,0.5,0.8488964346349746,3.534,0,6,0.0,12,969.5,1195.0,28392,0.004314,0,0
full_hybrid,cwe,CWE-1284,4,12,12,0,1.0,6,6,0,0,0.5,1.0,0.6666666666666666,1.4054813773717498,4.269,0,6,0.0,12,1062.5,1366.0,36174,0.005481,0,0
full_hybrid,cwe,CWE-129,14,42,0,42,0.0,0,0,21,21,,0.0,,0.0,77.83800000000001,0,21,0.0,42,1103.0,1731.0,919035,0.138045,0,0
full_hybrid,cwe,CWE-1321,6,18,18,0,1.0,3,3,6,6,0.5,0.3333333333333333,0.4,0.4271678769756514,7.023000000000001,0,9,0.0,18,1035.5,1401.0,56901,0.008616,0,0
full_hybrid,cwe,CWE-1333,8,24,18,6,0.75,3,3,9,9,0.5,0.25,0.3333333333333333,1.0649627263045793,2.817,0,12,0.0,24,929.5,4889.0,1746270,0.262047,0,0
full_hybrid,cwe,CWE-190,2,6,0,6,0.0,0,0,3,3,,0.0,,0.0,0.14400000000000002,0,3,0.0,6,867.5,975.0,1515,0.000252,0,0
full_hybrid,cwe,CWE-20,16,48,30,18,0.625,6,6,18,18,0.5,0.25,0.3333333333333333,0.16285318785115221,36.842999999999996,0,24,0.0,48,1017.5,1555.0,352770,0.053133,0,0
full_hybrid,cwe,CWE-200,8,24,12,12,0.5,6,5,7,6,0.5454545454545454,0.5,0.5217391304347826,0.23597149464344708,21.189,0,12,0.0,24,1010.5,1375.0,194196,0.029238,0,0
full_hybrid,cwe,CWE-203,6,18,12,6,0.6666666666666666,3,3,6,6,0.5,0.3333333333333333,0.4,0.27107617240444565,11.067,0,9,0.0,18,1037.0,1546.0,105645,0.015927,0,0
full_hybrid,cwe,CWE-209,2,6,0,6,0.0,0,0,3,3,,0.0,,0.0,1.146,0,3,0.0,6,858.0,1293.0,10368,0.001581,0,0
full_hybrid,cwe,CWE-22,26,78,54,24,0.6923076923076923,24,27,12,15,0.47058823529411764,0.6153846153846154,0.5333333333333333,0.5992808629644426,45.054,0,39,0.0,78,1014.5,1330.0,388971,0.058686,0,0
full_hybrid,cwe,CWE-23,2,6,6,0,1.0,3,3,0,0,0.5,1.0,0.6666666666666666,0.5399568034557235,5.556,0,3,0.0,6,1055.5,1247.0,37917,0.005715,0,0
full_hybrid,cwe,CWE-252,2,6,6,0,1.0,3,3,0,0,0.5,1.0,0.6666666666666666,0.5115089514066496,5.865,0,3,0.0,6,963.5,1219.0,53322,0.008025,0,0
full_hybrid,cwe,CWE-255,2,6,0,6,0.0,3,3,0,0,0.5,1.0,0.6666666666666666,0.40096230954290296,7.482,0,3,0.0,6,1175.5,1375.0,63231,0.009513,0,0
full_hybrid,cwe,CWE-264,10,30,24,6,0.8,10,12,3,5,0.45454545454545453,0.6666666666666666,0.5405405405405405,0.34153005464480873,35.136,0,15,0.0,30,1068.5,1664.0,341571,0.051369,0,0
full_hybrid,cwe,CWE-269,2,6,6,0,1.0,3,3,0,0,0.5,1.0,0.6666666666666666,1.5337423312883436,1.956,0,3,0.0,6,838.5,987.0,16344,0.002478,0,0
full_hybrid,cwe,CWE-276,2,6,0,6,0.0,0,0,3,3,,0.0,,0.0,37.383,0,3,0.0,6,1425.5,1837.0,253950,0.038118,0,0
full_hybrid,cwe,CWE-284,4,12,6,6,0.5,0,3,3,6,0.0,0.0,,0.5611672278338945,5.346,0,6,0.0,12,1028.0,1488.0,49761,0.007518,0,0
full_hybrid,cwe,CWE-285,8,24,24,0,1.0,0,0,12,12,,0.0,,0.0,22.383000000000003,0,12,0.0,24,1082.5,1384.0,179643,0.027057,0,0
full_hybrid,cwe,CWE-287,20,60,42,18,0.7,11,9,21,19,0.55,0.36666666666666664,0.43999999999999995,0.7804370447450573,11.532,0,30,0.0,60,942.5,1201.0,97455,0.014886,0,0
full_hybrid,cwe,CWE-29,4,12,12,0,1.0,3,3,3,3,0.5,0.5,0.5,0.6702412868632708,4.476,0,6,0.0,12,1038.0,1525.0,54552,0.008235,0,0
full_hybrid,cwe,CWE-290,2,6,6,0,1.0,0,0,3,3,,0.0,,0.0,1.5,0,3,0.0,6,895.5,1079.0,12648,0.001926,0,0
full_hybrid,cwe,CWE-295,8,24,0,24,0.0,3,0,12,9,1.0,0.25,0.4,0.0,12.81,0,12,0.0,24,1020.0,1311.0,114783,0.017322,0,0
full_hybrid,cwe,CWE-307,2,6,0,6,0.0,0,0,3,3,,0.0,,0.0,1.5030000000000001,0,3,0.0,6,737.5,908.0,10389,0.001584,0,0
full_hybrid,cwe,CWE-311,2,6,0,6,0.0,0,0,3,3,,0.0,,0.0,1.1219999999999999,0,3,0.0,6,1011.0,1194.0,9897,0.001512,0,0
full_hybrid,cwe,CWE-312,6,18,6,12,0.3333333333333333,0,0,9,9,,0.0,,0.0,0.579,0,9,0.0,18,883.0,1176.0,5598,0.000918,0,0
full_hybrid,cwe,CWE-326,4,12,6,6,0.5,0,0,6,6,,0.0,,0.0,3.21,0,6,0.0,12,905.0,1221.0,33696,0.005106,0,0
full_hybrid,cwe,CWE-327,2,6,6,0,1.0,0,0,3,3,,0.0,,0.0,0.741,0,3,0.0,6,894.5,1071.0,5937,0.000915,0,0
full_hybrid,cwe,CWE-330,6,18,12,6,0.6666666666666666,3,0,9,6,1.0,0.3333333333333333,0.5,0.0,9.444,0,9,0.0,18,978.0,1455.0,84819,0.012804,0,0
full_hybrid,cwe,CWE-345,10,30,0,30,0.0,0,0,15,15,,0.0,,0.0,30.732,0,15,0.0,30,885.5,3080.0,1094901,0.164367,0,0
full_hybrid,cwe,CWE-347,6,18,3,15,0.16666666666666666,0,0,9,9,,0.0,,0.0,6.0840000000000005,0,9,0.0,18,804.5,1404.0,58359,0.008835,0,0
full_hybrid,cwe,CWE-352,10,30,30,0,1.0,12,15,0,3,0.4444444444444444,0.8,0.5714285714285714,0.4805843906189927,31.212,0,15,0.0,30,1111.0,1579.0,318348,0.047886,0,0
full_hybrid,cwe,CWE-362,2,6,0,6,0.0,0,0,3,3,,0.0,,0.0,3.537,0,3,0.0,6,1079.0,1335.0,29577,0.004461,0,0
full_hybrid,cwe,CWE-366,2,6,0,6,0.0,0,0,3,3,,0.0,,0.0,1.395,0,3,0.0,6,978.5,1390.0,13071,0.001986,0,0
full_hybrid,cwe,CWE-367,2,6,0,6,0.0,2,3,0,1,0.4,0.6666666666666666,0.5,0.5361930294906165,5.595000000000001,0,3,0.0,6,1042.5,1366.0,46299,0.006969,0,0
full_hybrid,cwe,CWE-377,2,6,0,6,0.0,0,0,3,3,,0.0,,0.0,6.827999999999999,0,3,0.0,6,1244.0,1692.0,71895,0.010812,0,0
full_hybrid,cwe,CWE-400,8,24,6,18,0.25,3,4,8,9,0.42857142857142855,0.25,0.3157894736842105,0.17026348273953945,23.493,0,12,0.0,24,1079.0,1416.0,188175,0.028335,0,0
full_hybrid,cwe,CWE-401,2,6,0,6,0.0,0,0,3,3,,0.0,,0.0,2.004,0,3,0.0,6,851.5,1150.0,24984,0.003774,0,0
full_hybrid,cwe,CWE-416,2,6,0,6,0.0,0,0,3,3,,0.0,,0.0,141.90300000000002,0,3,0.0,6,2413.5,5040.0,1513386,0.227034,0,0
full_hybrid,cwe,CWE-434,8,24,18,6,0.75,3,3,9,9,0.5,0.25,0.3333333333333333,0.07058159232072275,42.504,0,12,0.0,24,1027.0,1935.0,435384,0.065412,0,0
full_hybrid,cwe,CWE-436,4,12,12,0,1.0,3,3,3,3,0.5,0.5,0.5,0.4543389368468878,6.603,0,6,0.0,12,994.5,1388.0,69195,0.010434,0,0
full_hybrid,cwe,CWE-444,2,6,6,0,1.0,3,3,0,0,0.5,1.0,0.6666666666666666,0.4357298474945534,6.885,0,3,0.0,6,989.5,1215.0,68511,0.010302,0,0
full_hybrid,cwe,CWE-476,10,30,6,24,0.2,0,0,15,15,,0.0,,0.0,44.507999999999996,0,15,0.0,30,1141.0,1760.0,521352,0.078339,0,0
full_hybrid,cwe,CWE-502,2,6,6,0,1.0,3,0,3,0,1.0,1.0,1.0,0.0,0.69,0,3,0.0,6,966.0,1076.0,6081,0.000939,0,0
full_hybrid,cwe,CWE-532,2,6,0,6,0.0,0,0,3,3,,0.0,,0.0,1.6380000000000001,0,3,0.0,6,932.0,1740.0,13590,0.002064,0,0
full_hybrid,cwe,CWE-534,2,6,0,6,0.0,0,0,3,3,,0.0,,0.0,3.642,0,3,0.0,6,1211.5,1400.0,30345,0.004581,0,0
full_hybrid,cwe,CWE-601,14,42,36,6,0.8571428571428571,18,15,6,3,0.5454545454545454,0.8571428571428571,0.6666666666666665,0.9994003597841296,15.009,0,21,0.0,42,954.0,1194.0,132072,0.020001,0,0
full_hybrid,cwe,CWE-610,6,18,6,12,0.3333333333333333,0,0,9,9,,0.0,,0.0,2.592,0,9,0.0,18,867.0,1198.0,25260,0.003867,0,0
full_hybrid,cwe,CWE-613,12,36,30,6,0.8333333333333334,12,12,6,6,0.5,0.6666666666666666,0.5714285714285715,1.48975791433892,8.055,0,18,0.0,36,966.5,1203.0,70263,0.010698,0,0
full_hybrid,cwe,CWE-617,6,18,12,6,0.6666666666666666,0,0,9,9,,0.0,,0.0,22.881,0,9,0.0,18,1084.5,1572.0,257607,0.038718,0,0
full_hybrid,cwe,CWE-639,2,6,6,0,1.0,0,0,3,3,,0.0,,0.0,0.66,0,3,0.0,6,972.0,1171.0,4851,0.000753,0,0
full_hybrid,cwe,CWE-648,6,18,6,12,0.3333333333333333,5,5,4,4,0.5,0.5555555555555556,0.5263157894736842,1.0307153164296021,4.851,0,9,0.0,18,951.0,1214.0,49230,0.007464,0,0
full_hybrid,cwe,CWE-665,4,12,0,12,0.0,0,0,6,6,,0.0,,0.0,3.156,0,6,0.0,12,837.0,1244.0,31989,0.004854,0,0
full_hybrid,cwe,CWE-668,2,6,6,0,1.0,0,0,3,3,,0.0,,0.0,0.45599999999999996,0,3,0.0,6,813.5,1017.0,3897,0.000612,0,0
full_hybrid,cwe,CWE-670,10,30,12,18,0.4,0,0,15,15,,0.0,,0.0,60.012,0,15,0.0,30,1161.5,1759.0,537438,0.080748,0,0
full_hybrid,cwe,CWE-674,8,24,12,12,0.5,3,3,9,9,0.5,0.25,0.3333333333333333,0.0756086496295176,39.678000000000004,0,12,0.0,24,1157.0,1521.0,266649,0.040107,0,0
full_hybrid,cwe,CWE-707,2,6,0,6,0.0,3,3,0,0,0.5,1.0,0.6666666666666666,0.8503401360544218,3.5279999999999996,0,3,0.0,6,1014.5,1134.0,57054,0.008583,0,0
full_hybrid,cwe,CWE-74,12,36,18,18,0.5,0,5,13,18,0.0,0.0,,0.4120313143798929,12.135,0,18,0.0,36,891.0,1157.0,107739,0.016317,0,0
full_hybrid,cwe,CWE-754,2,6,6,0,1.0,0,0,3,3,,0.0,,0.0,0.384,0,3,0.0,6,819.5,965.0,3192,0.000507,0,0
full_hybrid,cwe,CWE-755,4,12,6,6,0.5,3,3,3,3,0.5,0.5,0.5,0.3718854592785422,8.067,0,6,0.0,12,966.5,1250.0,71820,0.010827,0,0
full_hybrid,cwe,CWE-77,4,12,6,6,0.5,4,3,3,2,0.5714285714285714,0.6666666666666666,0.6153846153846153,1.3054830287206267,2.298,0,6,0.0,12,949.5,1158.0,26295,0.003996,0,0
full_hybrid,cwe,CWE-770,14,42,18,24,0.42857142857142855,0,0,21,21,,0.0,,0.0,39.249,0,21,0.0,42,1004.5,1383.0,351276,0.052875,0,0
full_hybrid,cwe,CWE-78,20,60,48,12,0.8,18,15,15,12,0.5454545454545454,0.6,0.5714285714285713,0.3396047001290498,44.169,0,30,0.0,60,940.0,1674.0,486039,0.073167,0,0
full_hybrid,cwe,CWE-787,2,6,0,6,0.0,0,0,3,3,,0.0,,0.0,7.4430000000000005,0,3,0.0,6,1183.5,1388.0,67086,0.010089,0,0
full_hybrid,cwe,CWE-789,2,6,6,0,1.0,0,0,3,3,,0.0,,0.0,0.9299999999999999,0,3,0.0,6,1003.0,1225.0,7614,0.001167,0,0
full_hybrid,cwe,CWE-79,82,246,165,81,0.6707317073170732,51,50,73,72,0.504950495049505,0.4146341463414634,0.45535714285714285,0.15133767369781498,330.387,0,123,0.0,246,977.5,1945.0,2900028,0.436101,0,0
full_hybrid,cwe,CWE-821,2,6,0,6,0.0,3,3,0,0,0.5,1.0,0.6666666666666666,2.2727272727272725,1.32,0,3,0.0,6,717.5,1299.0,8898,0.001362,0,0
full_hybrid,cwe,CWE-835,12,36,21,15,0.5833333333333334,0,6,12,18,0.0,0.0,,0.31240237425804435,19.206,0,18,0.0,36,1016.5,1479.0,177954,0.026853,0,0
full_hybrid,cwe,CWE-843,2,6,6,0,1.0,0,0,3,3,,0.0,,0.0,4.65,0,3,0.0,6,1096.0,1215.0,55824,0.0084,0,0
full_hybrid,cwe,CWE-862,16,48,18,30,0.375,0,0,24,24,,0.0,,0.0,28.593,0,24,0.0,48,933.0,2063.0,761286,0.114405,0,0
full_hybrid,cwe,CWE-863,20,60,51,9,0.85,3,3,27,27,0.5,0.1,0.16666666666666669,0.17658484901995408,16.989,0,30,0.0,60,900.5,1264.0,136743,0.020787,0,0
full_hybrid,cwe,CWE-88,2,6,6,0,1.0,3,3,0,0,0.5,1.0,0.6666666666666666,0.2853881278538813,10.512,0,3,0.0,6,1147.5,1576.0,82572,0.012411,0,0
full_hybrid,cwe,CWE-89,20,60,24,36,0.4,6,6,24,24,0.5,0.2,0.28571428571428575,0.37900322152738297,15.831,0,30,0.0,60,893.0,1217.0,158433,0.02403,0,0
full_hybrid,cwe,CWE-918,26,78,45,33,0.5769230769230769,18,15,24,21,0.5454545454545454,0.46153846153846156,0.4999999999999999,0.7378984651711925,20.328,0,39,0.0,78,911.0,1204.0,173382,0.026346,0,0
full_hybrid,cwe,CWE-94,10,30,18,12,0.6,1,1,14,14,0.5,0.06666666666666667,0.11764705882352941,0.14954389113204727,6.686999999999999,0,15,0.0,30,905.0,1116.0,61125,0.009306,0,0
semgrep,language,go,200,200,200,0,1.0,16,16,84,84,0.5,0.16,0.24242424242424243,0.11037451452459626,144.961,0,100,0.0,200,113.0,113.0,0,0.0,0,0
semgrep,language,js-ts,200,200,200,0,1.0,38,39,61,62,0.4935064935064935,0.38,0.42937853107344626,0.16892696724116274,230.869,0,100,0.0,200,455.0,455.0,0,0.0,0,0
semgrep,language,python,200,200,200,0,1.0,49,48,52,51,0.5051546391752577,0.49,0.4974619289340101,0.39934440959424944,120.197,0,100,0.0,200,333.0,333.0,0,0.0,0,0
semgrep,split,calibration,120,120,120,0,1.0,23,25,35,37,0.4791666666666667,0.38333333333333336,0.42592592592592593,0.3834649896464453,65.195,0,60,0.0,120,333.0,455.0,0,0.0,0,0
semgrep,split,development,240,240,240,0,1.0,41,39,81,79,0.5125,0.3416666666666667,0.41,0.19107718538406515,204.106,0,120,0.0,240,333.0,455.0,0,0.0,0,0
semgrep,split,held-out,240,240,240,0,1.0,39,39,81,81,0.5,0.325,0.393939393939394,0.1720137963885924,226.726,0,120,0.0,240,333.0,455.0,0,0.0,0,0
semgrep,language_split,go:calibration,40,40,40,0,1.0,3,4,16,17,0.42857142857142855,0.15,0.2222222222222222,0.17307026652821045,23.112000000000002,0,20,0.0,40,113.0,113.0,0,0.0,0,0
semgrep,language_split,go:development,80,80,80,0,1.0,5,5,35,35,0.5,0.125,0.2,0.07950895270807493,62.886,0,40,0.0,80,113.0,113.0,0,0.0,0,0
semgrep,language_split,go:held-out,80,80,80,0,1.0,8,7,33,32,0.5333333333333333,0.2,0.2909090909090909,0.11871851839289045,58.963,0,40,0.0,80,113.0,113.0,0,0.0,0,0
semgrep,language_split,js-ts:calibration,40,40,40,0,1.0,11,11,9,9,0.5,0.55,0.5238095238095238,0.7997091966557615,13.755,0,20,0.0,40,455.0,455.0,0,0.0,0,0
semgrep,language_split,js-ts:development,80,80,80,0,1.0,14,14,26,26,0.5,0.35,0.4117647058823529,0.14192881256272746,98.641,0,40,0.0,80,455.0,455.0,0,0.0,0,0
semgrep,language_split,js-ts:held-out,80,80,80,0,1.0,13,14,26,27,0.48148148148148145,0.325,0.3880597014925373,0.1181703848134174,118.473,0,40,0.0,80,455.0,455.0,0,0.0,0,0
semgrep,language_split,python:calibration,40,40,40,0,1.0,9,10,10,11,0.47368421052631576,0.45,0.46153846153846156,0.35300762496469923,28.328,0,20,0.0,40,333.0,333.0,0,0.0,0,0
semgrep,language_split,python:development,80,80,80,0,1.0,22,20,20,18,0.5238095238095238,0.55,0.5365853658536585,0.4697151177810658,42.579,0,40,0.0,80,333.0,333.0,0,0.0,0,0
semgrep,language_split,python:held-out,80,80,80,0,1.0,18,18,22,22,0.5,0.45,0.4736842105263158,0.36518563603164944,49.29,0,40,0.0,80,333.0,333.0,0,0.0,0,0
semgrep,cwe,CWE-1021,6,6,6,0,1.0,2,2,1,1,0.5,0.6666666666666666,0.5714285714285715,0.5129520389843549,3.899,0,3,0.0,6,333.0,333.0,0,0.0,0,0
semgrep,cwe,CWE-116,2,2,2,0,1.0,0,0,1,1,,0.0,,0.0,1.296,0,1,0.0,2,333.0,333.0,0,0.0,0,0
semgrep,cwe,CWE-1188,4,4,4,0,1.0,1,1,1,1,0.5,0.5,0.5,1.152073732718894,0.8680000000000001,0,2,0.0,4,394.0,455.0,0,0.0,0,0
semgrep,cwe,CWE-120,4,4,4,0,1.0,0,0,2,2,,0.0,,0.0,0.545,0,2,0.0,4,113.0,113.0,0,0.0,0,0
semgrep,cwe,CWE-125,4,4,4,0,1.0,0,0,2,2,,0.0,,0.0,1.178,0,2,0.0,4,333.0,333.0,0,0.0,0,0
semgrep,cwe,CWE-1284,4,4,4,0,1.0,2,2,0,0,0.5,1.0,0.6666666666666666,1.4054813773717498,1.423,0,2,0.0,4,455.0,455.0,0,0.0,0,0
semgrep,cwe,CWE-129,14,14,14,0,1.0,0,0,7,7,,0.0,,0.0,25.946,0,7,0.0,14,113.0,113.0,0,0.0,0,0
semgrep,cwe,CWE-1321,6,6,6,0,1.0,1,1,2,2,0.5,0.3333333333333333,0.4,0.4271678769756514,2.341,0,3,0.0,6,455.0,455.0,0,0.0,0,0
semgrep,cwe,CWE-1333,8,8,8,0,1.0,2,2,2,2,0.5,0.5,0.5,2.1299254526091587,0.939,0,4,0.0,8,455.0,455.0,0,0.0,0,0
semgrep,cwe,CWE-190,2,2,2,0,1.0,0,0,1,1,,0.0,,0.0,0.048,0,1,0.0,2,455.0,455.0,0,0.0,0,0
semgrep,cwe,CWE-20,16,16,16,0,1.0,3,4,4,5,0.42857142857142855,0.375,0.39999999999999997,0.32570637570230443,12.280999999999999,0,8,0.0,16,394.0,455.0,0,0.0,0,0
semgrep,cwe,CWE-200,8,8,8,0,1.0,2,2,2,2,0.5,0.5,0.5,0.2831657935721365,7.063,0,4,0.0,8,223.0,455.0,0,0.0,0,0
semgrep,cwe,CWE-203,6,6,6,0,1.0,1,1,2,2,0.5,0.3333333333333333,0.4,0.27107617240444565,3.689,0,3,0.0,6,333.0,333.0,0,0.0,0,0
semgrep,cwe,CWE-209,2,2,2,0,1.0,0,0,1,1,,0.0,,0.0,0.382,0,1,0.0,2,113.0,113.0,0,0.0,0,0
semgrep,cwe,CWE-22,26,26,26,0,1.0,7,8,5,6,0.4666666666666667,0.5384615384615384,0.5,0.5326941004128379,15.018,0,13,0.0,26,333.0,455.0,0,0.0,0,0
semgrep,cwe,CWE-23,2,2,2,0,1.0,1,1,0,0,0.5,1.0,0.6666666666666666,0.5399568034557235,1.852,0,1,0.0,2,455.0,455.0,0,0.0,0,0
semgrep,cwe,CWE-252,2,2,2,0,1.0,0,0,1,1,,0.0,,0.0,1.955,0,1,0.0,2,333.0,333.0,0,0.0,0,0
semgrep,cwe,CWE-255,2,2,2,0,1.0,1,1,0,0,0.5,1.0,0.6666666666666666,0.400962309542903,2.4939999999999998,0,1,0.0,2,333.0,333.0,0,0.0,0,0
semgrep,cwe,CWE-264,10,10,10,0,1.0,3,4,1,2,0.42857142857142855,0.6,0.5,0.34153005464480873,11.712,0,5,0.0,10,333.0,455.0,0,0.0,0,0
semgrep,cwe,CWE-269,2,2,2,0,1.0,1,1,0,0,0.5,1.0,0.6666666666666666,1.5337423312883436,0.652,0,1,0.0,2,455.0,455.0,0,0.0,0,0
semgrep,cwe,CWE-276,2,2,2,0,1.0,0,0,1,1,,0.0,,0.0,12.461,0,1,0.0,2,455.0,455.0,0,0.0,0,0
semgrep,cwe,CWE-284,4,4,4,0,1.0,0,1,1,2,0.0,0.0,,0.5611672278338945,1.782,0,2,0.0,4,284.0,455.0,0,0.0,0,0
semgrep,cwe,CWE-285,8,8,8,0,1.0,0,0,4,4,,0.0,,0.0,7.461,0,4,0.0,8,455.0,455.0,0,0.0,0,0
semgrep,cwe,CWE-287,20,20,20,0,1.0,1,1,9,9,0.5,0.1,0.16666666666666669,0.2601456815816858,3.844,0,10,0.0,20,113.0,455.0,0,0.0,0,0
semgrep,cwe,CWE-29,4,4,4,0,1.0,1,1,1,1,0.5,0.5,0.5,0.6702412868632708,1.492,0,2,0.0,4,333.0,333.0,0,0.0,0,0
semgrep,cwe,CWE-290,2,2,2,0,1.0,0,0,1,1,,0.0,,0.0,0.5,0,1,0.0,2,333.0,333.0,0,0.0,0,0
semgrep,cwe,CWE-295,8,8,8,0,1.0,2,2,2,2,0.5,0.5,0.5,0.468384074941452,4.27,0,4,0.0,8,113.0,333.0,0,0.0,0,0
semgrep,cwe,CWE-307,2,2,2,0,1.0,1,1,0,0,0.5,1.0,0.6666666666666666,1.996007984031936,0.501,0,1,0.0,2,455.0,455.0,0,0.0,0,0
semgrep,cwe,CWE-311,2,2,2,0,1.0,0,0,1,1,,0.0,,0.0,0.374,0,1,0.0,2,455.0,455.0,0,0.0,0,0
semgrep,cwe,CWE-312,6,6,6,0,1.0,0,0,3,3,,0.0,,0.0,0.193,0,3,0.0,6,333.0,455.0,0,0.0,0,0
semgrep,cwe,CWE-326,4,4,4,0,1.0,1,1,1,1,0.5,0.5,0.5,0.9345794392523364,1.07,0,2,0.0,4,223.0,333.0,0,0.0,0,0
semgrep,cwe,CWE-327,2,2,2,0,1.0,0,0,1,1,,0.0,,0.0,0.247,0,1,0.0,2,455.0,455.0,0,0.0,0,0
semgrep,cwe,CWE-330,6,6,6,0,1.0,1,0,3,2,1.0,0.3333333333333333,0.5,0.0,3.148,0,3,0.0,6,113.0,333.0,0,0.0,0,0
semgrep,cwe,CWE-345,10,10,10,0,1.0,0,0,5,5,,0.0,,0.0,10.244,0,5,0.0,10,113.0,113.0,0,0.0,0,0
semgrep,cwe,CWE-347,6,6,6,0,1.0,0,0,3,3,,0.0,,0.0,2.028,0,3,0.0,6,113.0,113.0,0,0.0,0,0
semgrep,cwe,CWE-352,10,10,10,0,1.0,5,5,0,0,0.5,1.0,0.6666666666666666,0.4805843906189927,10.404,0,5,0.0,10,333.0,455.0,0,0.0,0,0
semgrep,cwe,CWE-362,2,2,2,0,1.0,0,0,1,1,,0.0,,0.0,1.1789999999999998,0,1,0.0,2,113.0,113.0,0,0.0,0,0
semgrep,cwe,CWE-366,2,2,2,0,1.0,0,0,1,1,,0.0,,0.0,0.46499999999999997,0,1,0.0,2,113.0,113.0,0,0.0,0,0
semgrep,cwe,CWE-367,2,2,2,0,1.0,1,1,0,0,0.5,1.0,0.6666666666666666,0.5361930294906165,1.8650000000000002,0,1,0.0,2,333.0,333.0,0,0.0,0,0
semgrep,cwe,CWE-377,2,2,2,0,1.0,1,1,0,0,0.5,1.0,0.6666666666666666,0.4393673110720563,2.276,0,1,0.0,2,333.0,333.0,0,0.0,0,0
semgrep,cwe,CWE-400,8,8,8,0,1.0,2,2,2,2,0.5,0.5,0.5,0.25539522410930915,7.8309999999999995,0,4,0.0,8,223.0,455.0,0,0.0,0,0
semgrep,cwe,CWE-401,2,2,2,0,1.0,1,1,0,0,0.5,1.0,0.6666666666666666,1.497005988023952,0.668,0,1,0.0,2,113.0,113.0,0,0.0,0,0
semgrep,cwe,CWE-416,2,2,2,0,1.0,0,0,1,1,,0.0,,0.0,47.301,0,1,0.0,2,455.0,455.0,0,0.0,0,0
semgrep,cwe,CWE-434,8,8,8,0,1.0,0,0,4,4,,0.0,,0.0,14.168,0,4,0.0,8,394.0,455.0,0,0.0,0,0
semgrep,cwe,CWE-436,4,4,4,0,1.0,2,2,0,0,0.5,1.0,0.6666666666666666,0.9086778736937755,2.201,0,2,0.0,4,333.0,333.0,0,0.0,0,0
semgrep,cwe,CWE-444,2,2,2,0,1.0,1,1,0,0,0.5,1.0,0.6666666666666666,0.4357298474945534,2.295,0,1,0.0,2,333.0,333.0,0,0.0,0,0
semgrep,cwe,CWE-476,10,10,10,0,1.0,1,1,4,4,0.5,0.2,0.28571428571428575,0.06740361283364789,14.836,0,5,0.0,10,333.0,333.0,0,0.0,0,0
semgrep,cwe,CWE-502,2,2,2,0,1.0,1,0,1,0,1.0,1.0,1.0,0.0,0.22999999999999998,0,1,0.0,2,333.0,333.0,0,0.0,0,0
semgrep,cwe,CWE-532,2,2,2,0,1.0,0,0,1,1,,0.0,,0.0,0.546,0,1,0.0,2,113.0,113.0,0,0.0,0,0
semgrep,cwe,CWE-534,2,2,2,0,1.0,0,0,1,1,,0.0,,0.0,1.214,0,1,0.0,2,333.0,333.0,0,0.0,0,0
semgrep,cwe,CWE-601,14,14,14,0,1.0,6,6,1,1,0.5,0.8571428571428571,0.631578947368421,1.1992804317409553,5.003,0,7,0.0,14,333.0,455.0,0,0.0,0,0
semgrep,cwe,CWE-610,6,6,6,0,1.0,0,0,3,3,,0.0,,0.0,0.864,0,3,0.0,6,113.0,113.0,0,0.0,0,0
semgrep,cwe,CWE-613,12,12,12,0,1.0,1,1,5,5,0.5,0.16666666666666666,0.25,0.37243947858473,2.685,0,6,0.0,12,333.0,455.0,0,0.0,0,0
semgrep,cwe,CWE-617,6,6,6,0,1.0,1,1,2,2,0.5,0.3333333333333333,0.4,0.1311131506490101,7.627,0,3,0.0,6,333.0,333.0,0,0.0,0,0
semgrep,cwe,CWE-639,2,2,2,0,1.0,0,0,1,1,,0.0,,0.0,0.22,0,1,0.0,2,455.0,455.0,0,0.0,0,0
semgrep,cwe,CWE-648,6,6,6,0,1.0,0,0,3,3,,0.0,,0.0,1.617,0,3,0.0,6,113.0,113.0,0,0.0,0,0
semgrep,cwe,CWE-665,4,4,4,0,1.0,0,0,2,2,,0.0,,0.0,1.052,0,2,0.0,4,113.0,113.0,0,0.0,0,0
semgrep,cwe,CWE-668,2,2,2,0,1.0,0,1,0,1,0.0,0.0,,6.578947368421053,0.152,0,1,0.0,2,455.0,455.0,0,0.0,0,0
semgrep,cwe,CWE-670,10,10,10,0,1.0,2,2,3,3,0.5,0.4,0.4444444444444445,0.09998000399920015,20.004,0,5,0.0,10,333.0,333.0,0,0.0,0,0
semgrep,cwe,CWE-674,8,8,8,0,1.0,1,1,3,3,0.5,0.25,0.3333333333333333,0.07560864962951762,13.226,0,4,0.0,8,113.0,333.0,0,0.0,0,0
semgrep,cwe,CWE-707,2,2,2,0,1.0,1,1,0,0,0.5,1.0,0.6666666666666666,0.8503401360544218,1.176,0,1,0.0,2,455.0,455.0,0,0.0,0,0
semgrep,cwe,CWE-74,12,12,12,0,1.0,2,2,4,4,0.5,0.3333333333333333,0.4,0.49443757725587145,4.045,0,6,0.0,12,113.0,333.0,0,0.0,0,0
semgrep,cwe,CWE-754,2,2,2,0,1.0,0,0,1,1,,0.0,,0.0,0.128,0,1,0.0,2,113.0,113.0,0,0.0,0,0
semgrep,cwe,CWE-755,4,4,4,0,1.0,1,1,1,1,0.5,0.5,0.5,0.3718854592785422,2.689,0,2,0.0,4,333.0,333.0,0,0.0,0,0
semgrep,cwe,CWE-77,4,4,4,0,1.0,1,1,1,1,0.5,0.5,0.5,1.3054830287206267,0.766,0,2,0.0,4,333.0,333.0,0,0.0,0,0
semgrep,cwe,CWE-770,14,14,14,0,1.0,1,1,6,6,0.5,0.14285714285714285,0.22222222222222224,0.07643506840938623,13.083,0,7,0.0,14,113.0,333.0,0,0.0,0,0
semgrep,cwe,CWE-78,20,20,20,0,1.0,5,5,5,5,0.5,0.5,0.5,0.3396047001290498,14.722999999999999,0,10,0.0,20,455.0,455.0,0,0.0,0,0
semgrep,cwe,CWE-787,2,2,2,0,1.0,1,1,0,0,0.5,1.0,0.6666666666666666,0.40306328093510685,2.481,0,1,0.0,2,113.0,113.0,0,0.0,0,0
semgrep,cwe,CWE-789,2,2,2,0,1.0,0,0,1,1,,0.0,,0.0,0.31,0,1,0.0,2,113.0,113.0,0,0.0,0,0
semgrep,cwe,CWE-79,82,82,82,0,1.0,16,15,26,25,0.5161290322580645,0.3902439024390244,0.4444444444444444,0.13620390632803347,110.129,0,41,0.0,82,455.0,455.0,0,0.0,0,0
semgrep,cwe,CWE-821,2,2,2,0,1.0,1,1,0,0,0.5,1.0,0.6666666666666666,2.272727272727273,0.44,0,1,0.0,2,455.0,455.0,0,0.0,0,0
semgrep,cwe,CWE-835,12,12,12,0,1.0,0,0,6,6,,0.0,,0.0,6.402,0,6,0.0,12,223.0,333.0,0,0.0,0,0
semgrep,cwe,CWE-843,2,2,2,0,1.0,1,1,0,0,0.5,1.0,0.6666666666666666,0.6451612903225806,1.55,0,1,0.0,2,333.0,333.0,0,0.0,0,0
semgrep,cwe,CWE-862,16,16,16,0,1.0,0,0,8,8,,0.0,,0.0,9.531,0,8,0.0,16,113.0,455.0,0,0.0,0,0
semgrep,cwe,CWE-863,20,20,20,0,1.0,2,2,8,8,0.5,0.2,0.28571428571428575,0.35316969803990816,5.663,0,10,0.0,20,394.0,455.0,0,0.0,0,0
semgrep,cwe,CWE-88,2,2,2,0,1.0,1,1,0,0,0.5,1.0,0.6666666666666666,0.2853881278538813,3.504,0,1,0.0,2,455.0,455.0,0,0.0,0,0
semgrep,cwe,CWE-89,20,20,20,0,1.0,3,3,7,7,0.5,0.3,0.37499999999999994,0.5685048322910745,5.277,0,10,0.0,20,113.0,455.0,0,0.0,0,0
semgrep,cwe,CWE-918,26,26,26,0,1.0,6,4,9,7,0.6,0.46153846153846156,0.5217391304347826,0.5903187721369539,6.776,0,13,0.0,26,333.0,455.0,0,0.0,0,0
semgrep,cwe,CWE-94,10,10,10,0,1.0,1,1,4,4,0.5,0.2,0.28571428571428575,0.44863167339614174,2.229,0,5,0.0,10,455.0,455.0,0,0.0,0,0
